AdvisorID,AdvisorName,Channel,Province,Region,StartDate,ActiveFlag,Email
ADV5876819,Benjamin Stevens,Career Sales Force,ON,Central,2017-06-08,1,wandamcpherson@hotmail.com
ADV5427960,Matthew Robbins,Career Sales Force,AB,West,2016-07-15,1,rburns@gmail.com
ADV4737705,Theresa Williamson,Digital/Direct,QC,East,2008-10-09,1,colleensimmons@baker.com
ADV1438845,Jacob Owens,Career Sales Force,ON,Central,2008-05-26,1,mmurray@yahoo.com
ADV6667981,Anthony Mcgrath,Group Plan Sponsor,ON,Central,2009-10-09,1,phillipssarah@hotmail.com
ADV4455742,John Coleman,Career Sales Force,QC,East,2023-07-31,1,xperez@brown-morales.com
ADV4830916,Amber Perez,Independent Advisor,NS,East,2019-12-10,1,lshaffer@carroll.com
ADV8232111,Bradley Clark,Independent Advisor,QC,East,2017-09-09,1,jhendricks@yahoo.com
ADV4508608,Jennifer Mejia,Independent Advisor,QC,East,2015-12-19,0,kevinsantana@jacobs-caldwell.org
ADV0545992,Timothy Bonilla,Independent Advisor,BC,West,2008-10-14,1,johnhouston@keith-sanchez.com
ADV5978425,Nicole Wilson,Independent Advisor,ON,Central,2018-09-25,1,keithhannah@wall.com
ADV8967534,Robert Nguyen,Digital/Direct,QC,East,2009-06-01,1,jhardin@gmail.com
ADV4857075,Cynthia Banks,Independent Advisor,ON,Central,2015-06-16,1,beth42@yahoo.com
ADV9441878,Christie Miller,Career Sales Force,ON,Central,2009-07-06,1,lelisa@ray-fox.com
ADV0280549,Jeffrey Ford,Career Sales Force,BC,West,2008-03-09,1,russellwebb@diaz-cameron.com
ADV8825790,Philip Jones,Independent Advisor,MB,Central,2012-03-25,1,jacob59@gmail.com
ADV9316710,Richard Davis,Independent Advisor,MB,Central,2023-10-01,1,graytaylor@yahoo.com
ADV8919992,Karen Alvarez,Independent Advisor,MB,Central,2011-10-21,1,woodrachel@yahoo.com
ADV5996102,Cindy Jones,Independent Advisor,QC,East,2016-11-25,1,deanjason@gmail.com
ADV0107558,Daniel Miranda,Independent Advisor,ON,Central,2021-01-06,1,hgilbert@hotmail.com
ADV4424159,Luis Silva,Bank/Partner,QC,East,2013-10-12,1,jonathoncarlson@yahoo.com
ADV5268427,Judy Payne,Independent Advisor,NS,East,2009-01-05,1,perezdarin@gillespie-schmitt.biz
ADV1933702,Robert Phillips,Independent Advisor,BC,West,2009-07-18,0,bradyjames@gmail.com
ADV1351379,Lawrence Jones,Independent Advisor,QC,East,2019-11-03,1,brandonchapman@estrada-oconnor.org
ADV0605872,Melissa Andrews,Digital/Direct,BC,West,2013-08-04,0,jennifer07@yahoo.com
ADV2782046,Holly Sherman,Independent Advisor,BC,West,2019-06-17,1,scottgriffin@gmail.com
ADV4987087,Brittany Bailey,Group Plan Sponsor,SK,West,2018-05-08,1,marcuscurtis@hotmail.com
ADV3589506,Mark Johnson,Career Sales Force,BC,West,2012-08-01,1,careycarrie@yahoo.com
ADV6082853,Stephanie Gross,Independent Advisor,QC,East,2022-10-05,1,nicholaswells@flores.com
ADV0073829,Brittney Marshall,Independent Advisor,ON,Central,2010-12-02,1,robertbrown@gmail.com
ADV9169308,Janice Anderson,Independent Advisor,QC,East,2023-01-08,1,nicholasmiller@marshall.biz
ADV4086020,Ashley Cooper,Career Sales Force,ON,Central,2021-12-03,1,susankrueger@clark.com
ADV9075588,Rachel Edwards,Independent Advisor,SK,West,2010-11-28,1,uwhite@yahoo.com
ADV1016502,Michael Silva,Independent Advisor,QC,East,2022-01-09,1,jacobsraymond@hotmail.com
ADV5739974,Emily Gutierrez,Digital/Direct,QC,East,2015-01-12,1,nmassey@gmail.com
ADV8754851,Joshua Thompson,Independent Advisor,ON,Central,2022-01-29,1,halldan@hotmail.com
ADV9066504,Margaret Flynn,Career Sales Force,QC,East,2014-01-31,1,richardsonstephen@gmail.com
ADV8268953,Michael Castillo,Independent Advisor,QC,East,2023-11-18,1,hboyd@smith.com
ADV6467727,Johnathan Houston,Independent Advisor,ON,Central,2016-02-29,1,brightashley@gmail.com
ADV5968997,Gary Madden,Career Sales Force,MB,Central,2018-10-21,1,amberburke@joseph.info
ADV5134754,Andrew Cortez,Independent Advisor,ON,Central,2023-12-19,1,tiffanylowery@gmail.com
ADV1740281,Robin Humphrey,Independent Advisor,QC,East,2008-02-25,0,srichardson@gmail.com
ADV4501952,Tracey Reed,Career Sales Force,ON,Central,2014-12-31,1,dlee@craig.biz
ADV1477178,Sarah Stewart,Independent Advisor,QC,East,2021-03-29,1,lauraponce@munoz.info
ADV2095732,Ashley Edwards,Independent Advisor,BC,West,2023-07-30,1,brandiparker@gmail.com
ADV2241859,Roberto Willis,Bank/Partner,MB,Central,2013-05-27,1,patricia62@fleming.org
ADV5351871,Kevin Thomas,Independent Advisor,ON,Central,2016-07-24,1,mike02@gmail.com
ADV5521725,Brenda Fuller,Career Sales Force,NB,East,2022-09-23,1,taylorjasmine@yahoo.com
ADV2603546,Chris Sharp,Group Plan Sponsor,BC,West,2019-04-01,1,ashleytaylor@turner.com
ADV1473187,Darlene Lara,Independent Advisor,ON,Central,2008-11-08,0,joseph47@gmail.com
ADV6777505,Patrick Green,Career Sales Force,ON,Central,2013-02-27,1,ctaylor@gmail.com
ADV2749559,Cathy Stein,Bank/Partner,ON,Central,2010-09-16,1,sheriguerrero@fisher.org
ADV4338714,Jacob Anderson,Career Sales Force,MB,Central,2016-05-06,0,benjamin45@robinson.com
ADV3607721,Deborah Davis,Bank/Partner,ON,Central,2023-06-18,0,garrettritter@gmail.com
ADV6297959,Dennis Johnson,Independent Advisor,QC,East,2010-04-05,1,nelsontimothy@mcdonald.com
ADV0206523,Mike Baldwin,Group Plan Sponsor,BC,West,2009-05-13,1,xtodd@hotmail.com
ADV6156223,Richard Anderson,Group Plan Sponsor,MB,Central,2011-10-08,1,halljoseph@stanton.com
ADV5235151,Mark Jordan,Career Sales Force,BC,West,2016-08-25,1,nichole56@white-ramirez.com
ADV1220938,Trevor Hamilton,Bank/Partner,BC,West,2014-09-01,1,martinezstephanie@gmail.com
ADV9881375,Jessica Richardson,Career Sales Force,ON,Central,2010-11-21,1,johnsonjohn@hotmail.com
ADV0588323,Amber Lewis,Independent Advisor,MB,Central,2009-10-04,1,ulong@yahoo.com
ADV2334023,Samantha Huynh,Independent Advisor,ON,Central,2020-07-03,1,margaretmcdowell@yahoo.com
ADV1869519,Carl Mcintyre,Career Sales Force,ON,Central,2011-03-17,1,nrice@hernandez.com
ADV4634425,Allen Parker,Career Sales Force,NB,East,2020-12-02,1,richeric@knight-green.net
ADV7018596,Denise White,Career Sales Force,ON,Central,2017-04-19,1,glenn06@gmail.com
ADV6863523,Steven Baker,Career Sales Force,ON,Central,2018-12-19,1,crystalsilva@cruz-wright.com
ADV6165307,Lindsey Bryan,Career Sales Force,QC,East,2013-08-21,1,robertowall@yahoo.com
ADV8746433,Alexandra Munoz,Digital/Direct,ON,Central,2015-12-11,1,ian62@young.biz
ADV2961815,Chad Watson,Independent Advisor,ON,Central,2014-06-27,1,michelle97@yahoo.com
ADV1369982,Rebecca White,Bank/Partner,QC,East,2011-01-09,1,jacobharvey@whitaker-hartman.com
ADV0992060,Patricia Elliott,Bank/Partner,BC,West,2018-07-02,1,richardsullivan@gordon.info
ADV0941635,Kurt Patel,Independent Advisor,AB,West,2009-09-09,1,benjamin44@yahoo.com
ADV8268494,Kevin Klein,Independent Advisor,ON,Central,2013-03-21,1,novakadam@gmail.com
ADV4868772,William Snyder,Digital/Direct,QC,East,2014-03-10,1,pvaughan@gmail.com
ADV3862371,Dennis Walter,Independent Advisor,AB,West,2022-10-31,1,jasonturner@yahoo.com
ADV1727595,Justin Knight,Independent Advisor,ON,Central,2019-04-01,1,joeleonard@blevins-johnston.com
ADV8829710,Steven Sanchez,Digital/Direct,ON,Central,2008-01-26,1,smueller@hotmail.com
ADV2039404,Allison Martinez,Independent Advisor,ON,Central,2009-06-12,1,nlucas@henderson-morgan.com
ADV2807406,Chad Knight,Independent Advisor,QC,East,2018-06-24,1,clarkjames@gmail.com
ADV4767401,Sylvia Maddox,Digital/Direct,ON,Central,2022-04-28,1,jeffreywalker@gmail.com
ADV4374813,Joel Sharp,Independent Advisor,BC,West,2008-11-02,1,sarah60@hendricks.com
ADV7137575,James Savage,Bank/Partner,NS,East,2015-11-13,1,richardmoran@yahoo.com
ADV8891512,Erika Jackson,Career Sales Force,ON,Central,2011-01-10,0,brittany95@wilkerson.net
ADV3648267,Peggy Vargas,Career Sales Force,BC,West,2018-07-12,1,mercerkyle@jackson.net
ADV9270549,Mike Wilson,Independent Advisor,ON,Central,2009-02-21,1,davissarah@yahoo.com
ADV7984705,Allen Thomas,Career Sales Force,ON,Central,2008-08-31,1,hday@santana.com
ADV0796829,Isaiah Brooks,Group Plan Sponsor,BC,West,2011-05-30,1,waderita@yahoo.com
ADV5676366,Melissa Miller,Career Sales Force,QC,East,2008-11-24,1,hughesjohnny@gmail.com
ADV8455100,Cindy Robinson,Independent Advisor,NS,East,2020-06-09,1,jkerr@fletcher-rodriguez.com
ADV6487113,John Murphy,Career Sales Force,QC,East,2013-10-15,1,fmeyer@yahoo.com
ADV9010496,Adrian Collins,Group Plan Sponsor,ON,Central,2013-09-06,1,george27@thompson.com
ADV4135279,Mitchell Crane,Independent Advisor,QC,East,2019-09-09,1,stephanieduncan@yahoo.com
ADV2217422,Jeffrey Hines,Career Sales Force,ON,Central,2020-06-09,1,nsoto@hotmail.com
ADV0462046,Robert Contreras,Career Sales Force,MB,Central,2016-03-20,1,tbryant@gmail.com
ADV3217875,Cynthia Smith,Independent Advisor,BC,West,2017-06-11,1,laurenballard@gmail.com
ADV7303769,Stephanie Hudson,Group Plan Sponsor,ON,Central,2015-03-27,1,leaherickson@yahoo.com
ADV9202880,Adam Arellano,Group Plan Sponsor,QC,East,2017-02-18,1,cynthia18@hotmail.com
ADV1569720,Donna Jimenez,Career Sales Force,BC,West,2023-12-20,1,zwarner@yahoo.com
ADV6595530,Ashley Horne,Independent Advisor,AB,West,2016-03-06,1,caseyanthony@gmail.com
ADV8817348,Amber White,Career Sales Force,ON,Central,2020-02-01,1,hughesnicole@francis.biz
ADV8138908,Alexis Ibarra,Independent Advisor,ON,Central,2021-01-13,0,croberson@perez.net
ADV4506667,Clinton Bennett,Independent Advisor,ON,Central,2023-12-20,1,karenmerritt@gonzalez-knapp.com
ADV9879665,Taylor Henry,Career Sales Force,ON,Central,2018-08-14,1,hoffmanerika@yahoo.com
ADV7054906,Adrian Harrington,Independent Advisor,QC,East,2019-07-21,0,john17@gmail.com
ADV1882849,Travis Hernandez,Digital/Direct,ON,Central,2019-10-24,1,rachel79@gmail.com
ADV7024219,Timothy Tran,Career Sales Force,ON,Central,2010-12-20,1,martinezrobert@hotmail.com
ADV8421930,John Chen,Career Sales Force,QC,East,2021-04-16,1,lopezmaxwell@hotmail.com
ADV3463969,Denise Gonzalez,Career Sales Force,ON,Central,2019-11-29,1,donnagilbert@yahoo.com
ADV3636739,Michelle Mitchell,Career Sales Force,SK,West,2020-04-15,1,james40@barnes.com
ADV8827119,Kaitlin Pineda,Career Sales Force,QC,East,2013-11-30,1,beckellen@clark-wells.info
ADV1843067,Herbert Daugherty,Independent Advisor,ON,Central,2016-08-03,0,christopherharris@mcintyre.info
ADV4835251,Casey Washington,Career Sales Force,QC,East,2013-08-18,1,dylanrobinson@hotmail.com
ADV4554652,Tara Turner,Independent Advisor,ON,Central,2011-12-20,1,wadejavier@gmail.com
ADV2697698,Valerie Whitney,Digital/Direct,AB,West,2023-01-08,1,samanthamurphy@gmail.com
ADV5166288,Sarah Singh,Digital/Direct,QC,East,2010-06-20,1,erindavis@gmail.com
ADV3411232,Terry Davidson,Independent Advisor,QC,East,2018-10-23,0,carriepugh@gmail.com
ADV1463527,Jeffrey Lee,Career Sales Force,MB,Central,2008-11-14,1,ericawilliams@yahoo.com
ADV6908306,Lynn Adams,Career Sales Force,AB,West,2023-07-30,1,wfoster@peterson-sanford.com
ADV1192521,Courtney Doyle,Career Sales Force,AB,West,2016-07-02,1,llewis@gmail.com
ADV0044032,David Lewis,Group Plan Sponsor,ON,Central,2021-10-13,1,hillwilliam@gmail.com
ADV5969127,Amy Shannon,Group Plan Sponsor,ON,Central,2009-11-17,1,timothywilliams@hotmail.com
ADV3842858,Mrs. Debra Roberts,Independent Advisor,BC,West,2020-08-09,0,chelseamoore@yahoo.com
ADV4161647,Christopher Dominguez,Career Sales Force,QC,East,2012-02-29,1,kbrown@gmail.com
ADV8481195,Lauren Mason,Independent Advisor,BC,West,2021-10-06,1,johnstonlinda@gmail.com
ADV4126894,Caroline Simmons,Career Sales Force,BC,West,2017-12-07,1,wadebenjamin@parker-taylor.biz
ADV4104514,Anna Edwards,Group Plan Sponsor,ON,Central,2022-05-21,1,patrickwest@gmail.com
ADV6893386,Tony Freeman,Career Sales Force,ON,Central,2016-05-11,1,emily71@walsh.com
ADV2614390,Megan Watson,Independent Advisor,QC,East,2017-11-06,1,martinlisa@hotmail.com
ADV8206610,Benjamin Price,Independent Advisor,ON,Central,2020-07-03,0,benjaminsolis@sanchez.com
ADV1417078,Jose Taylor,Career Sales Force,BC,West,2021-10-11,1,larryreed@gmail.com
ADV7990373,Samuel Ortiz,Independent Advisor,BC,West,2019-02-23,1,smithdakota@bryan-price.org
ADV7793302,Sierra Martinez,Digital/Direct,QC,East,2008-12-03,1,ifreeman@gmail.com
ADV2448770,Carlos Atkins,Career Sales Force,BC,West,2013-07-08,1,nosborne@hotmail.com
ADV4724778,Eric Cook,Independent Advisor,QC,East,2016-12-21,1,omeadows@stein.info
ADV4336441,Nathan Holland,Independent Advisor,BC,West,2017-05-10,1,robinsonmegan@yahoo.com
ADV4258749,Lee Weaver,Career Sales Force,ON,Central,2010-05-10,1,brendajimenez@wright.com
ADV9473832,Jeffrey Heath,Career Sales Force,BC,West,2013-08-06,1,michael40@gmail.com
ADV1828054,Johnathan Morales,Career Sales Force,BC,West,2018-06-22,1,jenniferweber@price-williams.com
ADV4103474,Matthew Hernandez,Career Sales Force,ON,Central,2020-08-21,1,hgreen@duffy.com
ADV2264945,Jason Hansen,Independent Advisor,QC,East,2019-04-15,1,samanthalee@gmail.com
ADV0183450,Shannon Lin,Bank/Partner,AB,West,2009-02-14,1,joshua52@martinez.com
ADV5314415,Robin Ross,Independent Advisor,ON,Central,2011-05-08,1,mackcaroline@farley.net
ADV7296707,Susan Martinez,Digital/Direct,BC,West,2019-07-15,1,scottperry@gmail.com
ADV3782206,Scott Cox,Independent Advisor,NS,East,2008-12-03,1,ihill@ferguson-wagner.com
ADV7413491,Nicole Griffith,Independent Advisor,MB,Central,2023-12-04,1,parkermichelle@roberson-reyes.com
ADV3628937,Bryan Lewis,Independent Advisor,ON,Central,2021-05-17,1,mitchelljerry@yahoo.com
ADV7610312,Robert Fletcher,Career Sales Force,QC,East,2014-08-26,1,robin68@gmail.com
ADV6520247,Jason Hernandez,Career Sales Force,PE,East,2014-04-23,1,dortiz@yahoo.com
ADV3250205,Amy Molina,Independent Advisor,QC,East,2019-01-30,1,millerchristopher@yahoo.com
ADV4563891,Dana Parks,Bank/Partner,ON,Central,2020-06-22,1,gregorymurphy@gmail.com
ADV9125031,Jamie Walker,Independent Advisor,ON,Central,2013-04-14,1,swalker@day.com
ADV4892544,Christopher Freeman,Career Sales Force,AB,West,2020-08-07,1,cgutierrez@yahoo.com
ADV6940993,Angela Rivas,Group Plan Sponsor,QC,East,2019-07-19,1,blairpaula@munoz-drake.org
ADV5854985,Kevin Russell,Career Sales Force,ON,Central,2018-12-10,1,justinchang@curry.net
ADV1462560,Samantha Marshall,Group Plan Sponsor,ON,Central,2010-03-27,1,oscar58@hotmail.com
ADV5725706,David Crawford,Bank/Partner,BC,West,2021-08-22,1,sgreen@everett.com
ADV2360049,Samantha Pearson,Bank/Partner,QC,East,2013-12-16,1,timothy91@kelly-dean.com
ADV0704440,Brittany Soto,Bank/Partner,MB,Central,2013-05-25,1,mward@hotmail.com
ADV7276536,Robert Clark,Career Sales Force,BC,West,2016-01-13,1,bellnancy@hotmail.com
ADV9992539,Christine Alexander,Independent Advisor,NB,East,2019-08-14,0,joelcox@carter.com
ADV9813773,Shawn Horn,Bank/Partner,MB,Central,2020-03-31,1,croth@yahoo.com
ADV1164480,Ethan Moran,Independent Advisor,ON,Central,2008-06-17,1,jfrancis@hayes.com
ADV7299532,David Huynh,Career Sales Force,BC,West,2009-09-08,1,dylan02@sellers.com
ADV1914468,Christine Prince,Career Sales Force,ON,Central,2015-09-04,1,gabrielle63@steele.com
ADV5754124,Kenneth Rivera,Career Sales Force,PE,East,2019-11-21,1,tsmith@jones.com
ADV0344897,Wendy Palmer,Independent Advisor,ON,Central,2008-07-30,0,gonzaleslori@thompson.com
ADV0475444,Kristin Taylor,Independent Advisor,BC,West,2021-02-01,1,jaredgarrison@gonzalez-owens.com
ADV5152685,Allison Daniel,Bank/Partner,AB,West,2012-03-28,1,ievans@gmail.com
ADV3964002,David Yu,Bank/Partner,ON,Central,2010-09-30,1,vickipayne@gmail.com
ADV2759595,Carl Garcia,Independent Advisor,AB,West,2017-05-28,1,dawsonlori@hotmail.com
ADV3742463,Spencer Young,Career Sales Force,ON,Central,2020-09-14,1,graywendy@hotmail.com
ADV7942481,Glenda Castillo,Independent Advisor,QC,East,2020-11-03,1,cynthiascott@gmail.com
ADV9487791,Amy Sullivan,Career Sales Force,QC,East,2011-08-11,1,vparrish@gmail.com
ADV5020667,Tiffany Bishop MD,Career Sales Force,ON,Central,2019-12-12,1,ggonzalez@gmail.com
ADV1368804,Christopher Campos,Career Sales Force,QC,East,2014-04-16,1,uwhitaker@deleon.biz
ADV0818108,Elizabeth Little,Career Sales Force,MB,Central,2014-11-20,1,charles84@hotmail.com
ADV4462642,Sonya Morales,Career Sales Force,ON,Central,2009-02-18,1,klee@hotmail.com
ADV3035116,Kelly Gomez,Independent Advisor,QC,East,2009-06-11,1,courtney53@hotmail.com
ADV4177023,Roger Robinson,Career Sales Force,MB,Central,2012-09-25,1,dwalker@willis-crawford.net
ADV7083180,Ashley Brooks,Career Sales Force,BC,West,2023-04-11,1,ltownsend@hubbard.com
ADV1954666,Gregory Flores,Career Sales Force,ON,Central,2020-02-25,1,andrew77@browning-waller.com
ADV0528518,Adam Andrews,Independent Advisor,SK,West,2012-10-26,1,mark08@yahoo.com
ADV2297869,Vincent Howell,Independent Advisor,ON,Central,2020-03-09,1,thomas89@hall-berg.info
ADV1523224,Lisa Frost,Career Sales Force,QC,East,2016-07-25,1,christopher80@allen.com
ADV9634525,Elizabeth Webb,Career Sales Force,QC,East,2013-06-11,1,iwhitaker@phillips.com
ADV6257525,Jennifer Schneider,Group Plan Sponsor,AB,West,2018-09-26,1,leachhannah@schmidt.com
ADV7256338,Justin Griffith,Independent Advisor,ON,Central,2009-07-06,1,wallen@gmail.com
ADV3519576,Cynthia Collins,Independent Advisor,ON,Central,2019-11-28,1,richardkidd@harris.org
ADV3378188,Wendy David,Independent Advisor,BC,West,2018-06-26,1,william61@davis.com
ADV1168369,Jessica Banks,Bank/Partner,ON,Central,2017-06-16,1,marvin80@klein.com
ADV3292445,Juan Clements,Digital/Direct,QC,East,2021-08-05,0,chelsea49@burns.info
ADV2662402,Sarah Sparks,Independent Advisor,BC,West,2008-05-10,1,gregorylewis@webb.com
ADV9568777,Trevor Harvey,Independent Advisor,BC,West,2018-02-07,1,arellanocorey@gmail.com
ADV4628188,Samantha Rodriguez,Career Sales Force,ON,Central,2020-02-27,1,michael82@joseph.org
ADV1795385,David Bailey,Independent Advisor,ON,Central,2018-05-13,1,erussell@yahoo.com
ADV1264271,Angela Hull,Independent Advisor,NB,East,2018-08-01,1,donnajones@hotmail.com
ADV2403998,William Meyer,Career Sales Force,QC,East,2023-05-20,1,borozco@yahoo.com
ADV3083716,Mr. Neil King,Group Plan Sponsor,ON,Central,2018-06-24,0,ashleyhayden@rivera-navarro.com
ADV5914936,Colleen Hughes,Digital/Direct,ON,Central,2021-04-06,1,williamserica@gmail.com
ADV1725864,Daniel Browning,Career Sales Force,ON,Central,2022-02-23,1,iwells@hotmail.com
ADV1382643,Clifford Jones,Group Plan Sponsor,NU,West,2017-11-14,1,cookjustin@gmail.com
ADV7325786,Cindy Frazier,Career Sales Force,ON,Central,2009-09-06,1,garybeltran@gmail.com
ADV6722466,Jennifer Alvarado,Independent Advisor,ON,Central,2021-02-13,1,thomas96@gmail.com
ADV1738796,Tami Davis,Digital/Direct,QC,East,2023-01-07,1,nicole36@snyder-archer.net
ADV5138302,William Roy,Career Sales Force,ON,Central,2012-10-27,1,scarter@gmail.com
ADV5699558,Julie Brown,Independent Advisor,ON,Central,2014-03-01,1,wandalopez@martinez.com
ADV0547866,Christopher Rasmussen,Independent Advisor,PE,East,2010-05-16,1,lauren77@sanders.com
ADV6522762,John Gould,Career Sales Force,BC,West,2023-06-08,1,schroederpamela@ramirez.com
ADV8962924,Lisa White,Independent Advisor,ON,Central,2011-11-14,1,danielmelissa@burton.com
ADV8520367,Andre Smith,Career Sales Force,QC,East,2020-06-01,1,rharris@walker.com
ADV2171045,Michael Ruiz,Independent Advisor,ON,Central,2017-12-18,1,cooperzachary@hotmail.com
ADV2223003,Robin May,Career Sales Force,ON,Central,2009-09-04,1,philip86@spencer.com
ADV0350665,Morgan Rogers,Career Sales Force,QC,East,2008-05-28,1,vsawyer@hotmail.com
ADV6801368,Jeffrey Kaiser,Independent Advisor,QC,East,2022-10-08,1,kellypatrick@burns-murphy.org
ADV9544045,Cameron Barnes,Career Sales Force,BC,West,2009-05-24,1,padillavictoria@campbell.org
ADV2783919,Dana Cummings,Independent Advisor,MB,Central,2012-06-30,1,ana65@yahoo.com
ADV7263712,Ann Cooper,Independent Advisor,ON,Central,2012-09-04,1,davidbenton@jones-norton.com
ADV3136651,Victoria Zhang,Bank/Partner,SK,West,2022-05-05,1,hannahjames@fisher.com
ADV2921403,Hannah Gilbert,Career Sales Force,QC,East,2013-06-13,1,bautistajessica@gmail.com
ADV8274365,Connie Fisher,Digital/Direct,ON,Central,2016-11-26,1,daniel56@gmail.com
ADV3291949,Christopher Kennedy,Independent Advisor,AB,West,2011-12-09,1,johndavis@kim.info
ADV3563256,Carl Briggs,Career Sales Force,ON,Central,2013-06-06,1,frankbrown@jones.info
ADV2761906,Katie Kelley,Bank/Partner,QC,East,2017-01-11,1,arianadaniels@evans.biz
ADV4676687,Karen Figueroa,Independent Advisor,BC,West,2013-12-19,1,jeffery86@gordon-green.com
ADV8422650,Raymond Beard,Independent Advisor,ON,Central,2019-03-03,1,hjordan@gmail.com
ADV2977102,Matthew Hodges,Independent Advisor,AB,West,2011-05-02,1,pamela15@pierce.com
ADV8574469,Megan Elliott,Independent Advisor,ON,Central,2013-02-13,1,beckerlaura@richardson-myers.org
ADV4593858,Lori Miranda,Group Plan Sponsor,AB,West,2011-04-05,1,josephlloyd@navarro.info
ADV4636367,Shirley Elliott,Independent Advisor,ON,Central,2018-11-24,1,mwright@gmail.com
ADV4437550,Molly Mendoza DDS,Bank/Partner,ON,Central,2008-08-15,1,snelson@gmail.com
ADV1088007,Laura Ortiz,Independent Advisor,ON,Central,2008-05-10,1,katherinewilliams@hotmail.com
ADV5362138,Jacob Barron,Digital/Direct,AB,West,2011-09-26,1,linda27@yahoo.com
ADV7158971,Tim Yang,Group Plan Sponsor,ON,Central,2011-12-28,0,tylercooper@hotmail.com
ADV2211353,Amanda Barr,Career Sales Force,MB,Central,2020-12-30,1,teresa72@randall.com
ADV4219528,Jennifer Lopez,Career Sales Force,ON,Central,2011-12-24,1,fjones@yahoo.com
ADV8916982,Donald Cox,Independent Advisor,QC,East,2012-07-27,1,courtney89@patton.org
ADV8445715,Brittany Singh,Independent Advisor,ON,Central,2022-10-18,1,longjessica@hotmail.com
ADV8520575,Thomas Moore,Independent Advisor,ON,Central,2020-11-08,1,jasondelgado@hoffman.com
ADV9650517,Monica Floyd,Bank/Partner,SK,West,2022-06-19,1,timpoole@hotmail.com
ADV1934129,Jennifer Nguyen,Digital/Direct,QC,East,2008-02-28,1,morgan62@eaton.org
ADV2596033,Jacob Rogers,Independent Advisor,BC,West,2012-12-07,0,maurice59@gmail.com
ADV2253243,Sean Cross,Independent Advisor,QC,East,2013-12-27,1,michael49@golden.net
ADV2495596,Rebecca Miller,Career Sales Force,QC,East,2023-12-03,1,robert06@king-osborne.net
ADV2344113,Traci Brown,Independent Advisor,QC,East,2017-05-04,1,kanejoseph@gmail.com
ADV9781454,Samantha Smith,Career Sales Force,MB,Central,2008-03-27,1,taylordavis@torres.biz
ADV4308904,Joshua Gonzalez,Independent Advisor,BC,West,2021-05-29,0,wwheeler@gmail.com
ADV5794798,Mark Duke,Independent Advisor,QC,East,2015-11-25,1,qvillarreal@myers-jones.net
ADV2840783,Douglas Lawrence DVM,Independent Advisor,QC,East,2009-04-09,1,salinascrystal@gmail.com
ADV4319050,Charles Murray,Independent Advisor,QC,East,2020-03-12,1,melissa67@hotmail.com
ADV6966898,Jeremy Thomas,Independent Advisor,QC,East,2019-09-15,1,markandrade@gmail.com
ADV2582608,Jacob Delgado,Career Sales Force,QC,East,2012-03-03,1,jeremy51@villanueva-perry.com
ADV6782481,Michael Harrell,Career Sales Force,QC,East,2019-03-15,1,youngmichael@hotmail.com
ADV8255683,Michael Young,Group Plan Sponsor,BC,West,2017-11-02,1,rgreer@hawkins-lara.biz
ADV1467739,Michelle Obrien,Digital/Direct,NB,East,2019-03-22,1,jonathan88@hamilton.com
ADV0109168,Charles Smith,Career Sales Force,NS,East,2023-11-24,1,darlenelindsey@hotmail.com
ADV7904566,Alan Kaiser,Career Sales Force,AB,West,2022-09-28,1,msimon@hotmail.com
ADV5314257,Jose Clark,Independent Advisor,QC,East,2014-05-10,1,zramirez@winters-petersen.com
ADV5506412,Francisco Thomas,Independent Advisor,BC,West,2019-12-20,1,christine30@hotmail.com
ADV7959129,Sarah Long,Independent Advisor,ON,Central,2011-05-19,1,meghanpark@gmail.com
ADV1623438,William Gonzales,Career Sales Force,QC,East,2008-05-21,1,jacksoncameron@gmail.com
ADV9550208,Michael Mccullough,Independent Advisor,ON,Central,2013-01-08,1,hopkinsmatthew@maynard.com
ADV2387605,Kevin Bonilla,Career Sales Force,ON,Central,2019-11-09,1,spencerhogan@gmail.com
ADV5379233,Miss Michelle Costa,Career Sales Force,NB,East,2012-12-14,1,christopher07@martinez-curtis.com
ADV8087458,Michelle Cohen,Career Sales Force,AB,West,2017-12-20,1,michaelbooth@hotmail.com
ADV7206109,Francisco Franco,Independent Advisor,QC,East,2017-03-21,1,riosstephanie@garza-collins.com
ADV4621030,Savannah Branch,Independent Advisor,ON,Central,2014-12-07,1,rose59@hotmail.com
ADV4355340,David Clark,Career Sales Force,BC,West,2016-08-08,1,beth52@gmail.com
ADV3994951,Lauren Santiago,Independent Advisor,QC,East,2018-06-18,1,scottburns@george-osborne.info
ADV8466375,Nicole Reynolds,Independent Advisor,AB,West,2008-08-15,1,uhansen@kennedy.com
ADV3272183,Paula Hernandez,Bank/Partner,NU,West,2011-07-29,1,iphillips@nguyen-wagner.com
ADV6786789,Jeffrey Harper,Group Plan Sponsor,ON,Central,2018-07-11,1,michael17@yahoo.com
ADV0718021,Tyler Lutz,Career Sales Force,ON,Central,2010-05-21,1,yperez@webb-bishop.com
ADV6005954,Thomas Harvey DDS,Digital/Direct,ON,Central,2008-12-31,1,austinoneill@gmail.com
ADV6535026,Matthew Chavez,Independent Advisor,ON,Central,2019-07-24,1,ginaevans@gmail.com
ADV3018307,Shelby Lozano,Independent Advisor,ON,Central,2012-07-27,1,hsanders@mendoza-reid.com
ADV5483576,William Alvarado,Independent Advisor,ON,Central,2016-08-08,1,mcleanalan@gmail.com
ADV2671161,Miss Christina Cook,Career Sales Force,ON,Central,2008-06-06,1,pamelabraun@gmail.com
ADV8196423,George Becker,Career Sales Force,ON,Central,2013-09-23,1,erinspencer@boyd.com
ADV7725926,Joseph Hicks,Group Plan Sponsor,ON,Central,2014-04-04,1,annallison@yahoo.com
ADV1812431,Colin Bush,Independent Advisor,BC,West,2020-06-12,1,wilkinsclaire@gmail.com
ADV6090391,Andrew Smith,Independent Advisor,ON,Central,2020-06-08,1,hubernathan@gmail.com
ADV0708482,Jeffrey Oconnor,Independent Advisor,MB,Central,2009-03-06,1,stacy13@fields.org
ADV1979345,Joseph Ingram,Career Sales Force,ON,Central,2023-07-01,1,juan32@jones.com
ADV4236032,James Kramer,Career Sales Force,ON,Central,2010-10-25,1,claudia34@yahoo.com
ADV0141358,Selena Dennis,Independent Advisor,ON,Central,2019-06-30,0,bentonjames@reyes.org
ADV0414474,Anthony Lopez,Independent Advisor,BC,West,2013-11-07,1,acharles@gmail.com
ADV9100310,Michael Huffman,Bank/Partner,ON,Central,2017-10-04,1,kimstokes@hotmail.com
ADV2980924,Samuel Rodriguez,Independent Advisor,QC,East,2015-07-27,1,nchristian@hotmail.com
ADV3477567,Jennifer Weiss,Independent Advisor,ON,Central,2018-10-08,1,joshua80@hotmail.com
ADV1317465,Nicholas Kline,Bank/Partner,NL,East,2016-09-13,1,samuel50@krueger.biz
ADV2192139,Haley White,Career Sales Force,ON,Central,2011-08-10,1,mortiz@becker.org
ADV2948605,Russell Mccarthy,Independent Advisor,ON,Central,2016-06-14,1,shanebrown@yahoo.com
ADV4251680,Deborah Williams,Independent Advisor,AB,West,2015-05-31,1,bhorn@hotmail.com
ADV4603208,Calvin Gould,Career Sales Force,ON,Central,2011-03-04,1,justinmartin@gmail.com
ADV4758963,Anthony Jordan,Career Sales Force,ON,Central,2010-06-10,1,brownmichelle@hotmail.com
ADV4845196,Morgan Koch,Career Sales Force,AB,West,2010-11-12,1,dmiller@yahoo.com
ADV3541888,Michael Ayala,Career Sales Force,ON,Central,2023-09-20,1,carloswalker@roberts.com
ADV3207388,Nathaniel Young,Independent Advisor,ON,Central,2015-01-12,1,ajones@sims-hill.biz
ADV1914496,Robert Collins,Career Sales Force,QC,East,2020-04-02,1,amy87@burns.com
ADV8588843,Jennifer Nash,Independent Advisor,ON,Central,2016-06-08,1,campbellstephanie@yahoo.com
ADV9795977,Erica Soto,Career Sales Force,MB,Central,2019-07-19,1,gonzalezsamuel@sharp.org
ADV1577933,Dylan Chan,Career Sales Force,QC,East,2017-03-24,1,monicadavid@jackson-cannon.com
ADV9913917,Scott Morris,Career Sales Force,QC,East,2013-02-14,1,williamsmeghan@hotmail.com
ADV1176583,Karen Jimenez,Career Sales Force,ON,Central,2018-02-28,1,keithmathis@yahoo.com
ADV5673645,Elaine Brooks,Group Plan Sponsor,BC,West,2011-05-24,1,jasonblanchard@stone.com
ADV8369795,Jessica Johnson,Career Sales Force,BC,West,2021-02-10,1,jgamble@yahoo.com
ADV2962328,Eric Hunter,Career Sales Force,ON,Central,2014-06-20,1,devin94@yahoo.com
ADV0750677,Melanie Goodwin,Career Sales Force,MB,Central,2009-06-19,1,duffyjonathon@lowe-weber.com
ADV5310360,Michael Harris,Independent Advisor,QC,East,2016-09-07,1,hsolomon@hotmail.com
ADV9529192,James Moreno,Independent Advisor,AB,West,2023-05-18,1,garciakristen@goodman.org
ADV3492932,Heather Graves,Bank/Partner,ON,Central,2009-05-25,1,davisjoshua@larson.org
ADV6631350,Jennifer Reynolds,Independent Advisor,ON,Central,2012-07-14,1,fleblanc@yahoo.com
ADV0904734,Jacob Clayton,Independent Advisor,BC,West,2023-12-23,1,hillmichael@flores.com
ADV0768830,Heidi Bennett,Independent Advisor,AB,West,2009-03-18,1,josephjohnson@gmail.com
ADV3151962,Andrea Tucker,Bank/Partner,ON,Central,2019-10-15,1,gonzalesmarie@hood.biz
ADV9741357,Steven Miller,Independent Advisor,ON,Central,2017-01-23,1,ashley69@andrade.com
ADV2722414,Kara Martinez,Career Sales Force,AB,West,2018-10-02,1,james36@gordon.com
ADV3273676,Michelle Wilson,Independent Advisor,ON,Central,2013-02-19,0,bakerdebra@yahoo.com
ADV2822836,Wendy Porter,Bank/Partner,ON,Central,2015-07-24,1,ryanhendrix@casey-lopez.org
ADV0687582,Leah Perez,Independent Advisor,QC,East,2016-07-04,1,miguelyang@hunter.com
ADV3067771,Stephanie Horton,Group Plan Sponsor,ON,Central,2022-09-16,1,flee@gmail.com
ADV6724947,Daniel Taylor,Digital/Direct,ON,Central,2020-11-01,1,nicole09@hotmail.com
ADV5666792,Thomas Rivera,Career Sales Force,ON,Central,2012-07-10,1,allenlaura@yahoo.com
ADV9653463,Matthew Ray,Bank/Partner,SK,West,2021-06-18,1,jean05@long.com
ADV2846008,Marcus Rivera,Independent Advisor,ON,Central,2021-03-02,1,ramirezcarrie@hamilton.com
ADV1794849,Laurie Hanna,Independent Advisor,BC,West,2015-05-15,1,kellystephen@meyer.org
ADV2437080,Caitlyn Pineda,Independent Advisor,NL,East,2019-09-09,1,diazlinda@gmail.com
ADV3514980,Emily Spencer,Digital/Direct,BC,West,2022-03-31,1,xsanders@wilson.com
ADV5506562,David Wright,Independent Advisor,QC,East,2022-01-06,1,mgraves@hall.org
ADV2771258,Jennifer Rogers,Independent Advisor,QC,East,2017-07-03,1,erik52@delgado-barron.org
ADV2286979,Brian Martin,Career Sales Force,ON,Central,2008-04-21,1,gutierreztodd@brown.com
ADV1220760,Chris Jordan,Independent Advisor,QC,East,2018-04-20,1,daniel58@hotmail.com
ADV1144292,Terry Morales II,Digital/Direct,NS,East,2018-12-18,1,hbeasley@wilson.com
ADV5438904,Joel Simmons,Independent Advisor,AB,West,2023-07-20,1,pchapman@yahoo.com
ADV1464332,Erica Adams,Career Sales Force,QC,East,2021-09-23,1,tholden@rowland.com
ADV3360056,Nathan Mendoza DDS,Digital/Direct,ON,Central,2011-09-19,1,james55@gmail.com
ADV2263711,Jessica Wolfe,Bank/Partner,MB,Central,2013-10-02,0,michaelholloway@yahoo.com
ADV5375311,Wesley Williams,Independent Advisor,ON,Central,2018-07-04,1,ramseyjessica@oliver-ford.com
ADV7258821,Megan Gates,Career Sales Force,AB,West,2019-02-06,1,taylor16@gmail.com
ADV7635177,James Smith,Independent Advisor,ON,Central,2016-07-09,1,olsonmichael@welch.com
ADV2430194,Benjamin James,Career Sales Force,BC,West,2020-01-17,1,allenmichelle@hayes.com
ADV1039394,Michael Cervantes,Career Sales Force,AB,West,2021-01-14,0,saralyons@smith.com
ADV7700991,Brian Ortega,Independent Advisor,QC,East,2023-05-09,1,qpetersen@hotmail.com
ADV6992869,Brooke Nelson,Digital/Direct,ON,Central,2012-08-12,1,laurenhamilton@hotmail.com
ADV1603048,Jason Doyle,Independent Advisor,AB,West,2015-03-07,1,thompsondana@hotmail.com
ADV6343720,Heather Melton,Digital/Direct,ON,Central,2012-08-15,0,salazarmichelle@gomez.com
ADV5842097,Leslie Carroll,Digital/Direct,ON,Central,2012-06-25,0,martinezbobby@hotmail.com
ADV1013818,Sharon Hayes,Career Sales Force,QC,East,2013-03-21,1,danielmartinez@hughes-roberts.com
ADV0729422,Dwayne Douglas,Career Sales Force,QC,East,2017-09-05,1,kelly09@davila.com
ADV8437564,Keith Leon,Independent Advisor,BC,West,2008-01-03,1,zcollier@hotmail.com
ADV0005578,Matthew Allen,Bank/Partner,ON,Central,2022-06-27,1,shannonhall@gmail.com
ADV1996511,Lisa Moreno,Independent Advisor,QC,East,2008-12-12,1,bwilson@yahoo.com
ADV0641106,Patricia Shaw,Independent Advisor,MB,Central,2022-01-06,1,chall@yahoo.com
ADV6610177,Reginald Hernandez,Independent Advisor,ON,Central,2016-10-27,1,christopherjohnson@lindsey.com
ADV2038174,Clayton Sutton,Independent Advisor,QC,East,2021-03-24,1,pamela24@vaughn.com
ADV1956036,Ronald Becker,Independent Advisor,BC,West,2018-06-19,1,hughespamela@thompson.com
ADV6069729,Jennifer James,Career Sales Force,MB,Central,2008-03-14,0,ashley85@martin.com
ADV6019204,Carrie Webster,Career Sales Force,QC,East,2017-03-22,1,jasonwilliams@hotmail.com
ADV5569700,Clinton Frank,Career Sales Force,AB,West,2018-09-04,1,awise@gmail.com
ADV0339308,Terry Simmons,Digital/Direct,ON,Central,2012-03-22,0,sean17@martinez.net
ADV2978816,Sara Sanchez,Digital/Direct,ON,Central,2012-11-05,1,shawn35@gmail.com
ADV4675396,Mr. Ryan Mcintosh,Bank/Partner,SK,West,2015-08-11,1,richardgilbert@gmail.com
ADV8283483,Kayla Villanueva,Career Sales Force,MB,Central,2022-06-30,1,valdeztracy@patel.org
ADV2993320,Vanessa Jefferson,Independent Advisor,QC,East,2013-06-09,1,jarviscrystal@hotmail.com
ADV5281656,Bryan Drake,Career Sales Force,QC,East,2013-05-14,1,jennifer70@gmail.com
ADV1463853,Jennifer Wang,Independent Advisor,QC,East,2017-11-08,1,kboyd@hotmail.com
ADV0144871,Catherine Ortiz,Career Sales Force,ON,Central,2016-12-03,1,zsanders@hotmail.com
ADV5416504,Melissa Gibson,Bank/Partner,MB,Central,2014-11-26,1,timothygoodman@alvarado.biz
ADV7331296,Bruce Lee,Career Sales Force,AB,West,2018-05-22,1,tammiechan@yahoo.com
ADV1414165,Douglas Wright,Independent Advisor,QC,East,2021-02-13,1,roberthumphrey@gmail.com
ADV6422244,Scott Scott,Group Plan Sponsor,ON,Central,2014-10-10,1,afischer@bell.com
ADV6028993,Elizabeth Rivers,Independent Advisor,ON,Central,2020-07-03,1,joneswendy@yahoo.com
ADV1119887,Kyle Simmons,Career Sales Force,ON,Central,2008-08-30,1,jennifer82@thomas-green.net
ADV3488583,Peggy Hubbard,Digital/Direct,BC,West,2021-03-06,1,austinwright@lane.org
ADV4837422,Joseph White,Independent Advisor,QC,East,2020-04-27,1,amanda97@hotmail.com
ADV6437009,Laurie Bell,Independent Advisor,ON,Central,2022-10-01,1,schultzwesley@fernandez.net
ADV6505450,Jesus Dixon,Independent Advisor,QC,East,2020-04-22,1,michelle97@hotmail.com
ADV5520976,Christopher Glover,Digital/Direct,NB,East,2010-12-14,1,donnamullen@jones.net
ADV7614829,Kevin Ryan,Independent Advisor,ON,Central,2015-04-22,1,lisa38@hotmail.com
ADV0336126,Amy Richardson,Independent Advisor,QC,East,2011-08-10,1,andrewhurst@sanchez.com
ADV2883533,Jaclyn Camacho,Independent Advisor,QC,East,2008-10-27,1,mirandamiller@walker.com
ADV6212923,Seth Cummings,Career Sales Force,ON,Central,2014-08-22,1,logan01@thompson.info
ADV6121997,Maria Bush,Bank/Partner,QC,East,2009-11-10,1,martinezwilliam@brown.org
ADV2668171,Andrew Hudson,Career Sales Force,QC,East,2020-03-19,1,mckaymallory@hotmail.com
ADV5801806,Nicholas Wright,Independent Advisor,ON,Central,2022-09-21,1,coreywilson@yahoo.com
ADV5388301,Bob Williams,Independent Advisor,ON,Central,2021-04-27,1,erica91@hotmail.com
ADV1956287,Christine Bernard,Career Sales Force,AB,West,2020-06-19,1,ohenson@price.com
ADV7465353,Cindy Clark,Independent Advisor,ON,Central,2016-06-22,1,joshuarivers@hamilton-chambers.com
ADV9777492,Derek Tucker,Independent Advisor,QC,East,2021-09-25,1,sara56@hotmail.com
ADV5025496,Margaret English,Career Sales Force,QC,East,2011-01-02,1,wtyler@yahoo.com
ADV4467255,Luke Davis,Career Sales Force,AB,West,2008-02-10,1,solismichael@norris.com
ADV0952669,Luis Diaz,Digital/Direct,BC,West,2017-04-03,1,lawsontravis@hotmail.com
ADV0415549,Andrea Morales,Group Plan Sponsor,AB,West,2019-01-23,0,elizabeth10@hotmail.com
ADV5402849,Michael Marshall,Independent Advisor,QC,East,2021-03-28,1,erica42@brennan-parsons.com
ADV5545004,Ashley Snyder,Career Sales Force,QC,East,2020-11-17,1,robertho@long-bennett.com
ADV5542760,Brianna Johnson,Career Sales Force,ON,Central,2016-12-16,1,george26@smith-burns.org
ADV4772964,Kara Ali,Career Sales Force,ON,Central,2012-04-26,1,alexandercooper@meyer.com
ADV6821408,Brittany Moore,Independent Advisor,QC,East,2021-06-15,1,lanekimberly@watts.com
ADV9690642,Heather Ortiz,Digital/Direct,ON,Central,2008-08-14,1,lhurley@gmail.com
ADV3561690,Mary Farmer,Independent Advisor,QC,East,2008-08-07,1,kylehoover@yahoo.com
ADV8637670,Sally Brown,Career Sales Force,ON,Central,2020-11-09,1,kelly69@carlson-west.info
ADV0632471,Lauren Shepard,Group Plan Sponsor,ON,Central,2022-03-19,1,brownreginald@gmail.com
ADV9410814,Lisa Ramirez,Independent Advisor,ON,Central,2009-12-21,1,diazkatherine@hamilton-castillo.com
ADV6521740,Michelle Pope,Career Sales Force,BC,West,2009-07-27,0,princedanielle@hotmail.com
ADV1513176,Alexander Morrison,Independent Advisor,QC,East,2008-08-18,1,elizabethnicholson@gmail.com
ADV7032682,Olivia Chen,Career Sales Force,AB,West,2009-08-16,1,guzmanbrian@yahoo.com
ADV7580942,David Hodge,Digital/Direct,QC,East,2022-05-16,1,barrettnatalie@yahoo.com
ADV1981475,Tina Dawson,Independent Advisor,AB,West,2009-08-18,1,zrodriguez@yahoo.com
ADV1332927,Leah Baker,Independent Advisor,AB,West,2008-11-27,1,rsexton@gmail.com
ADV9771177,Brittany James,Independent Advisor,ON,Central,2015-05-14,1,gallegosandrew@yahoo.com
ADV7450251,Elizabeth Garrett,Digital/Direct,NB,East,2019-04-09,1,jesse03@yahoo.com
ADV1029692,Chad Moore,Independent Advisor,ON,Central,2019-07-03,1,danielriggs@murphy-freeman.biz
ADV5836689,Leslie Delgado,Independent Advisor,QC,East,2013-06-25,1,palmerjonathan@edwards-welch.biz
ADV6586365,James Wright,Career Sales Force,AB,West,2009-06-30,1,sherrysavage@love.com
ADV2569519,Sheri Santana,Digital/Direct,ON,Central,2021-03-18,1,brandongreen@sexton-cummings.com
ADV5273388,Mark Scott,Independent Advisor,QC,East,2010-11-17,1,vstanley@mcbride-ferguson.com
ADV5381758,John Holmes,Career Sales Force,ON,Central,2022-03-29,1,sdavis@yahoo.com
ADV4807061,Jennifer Gilmore,Digital/Direct,ON,Central,2020-09-04,1,jcruz@perry.com
ADV9718250,Cynthia Maxwell,Career Sales Force,ON,Central,2011-12-10,1,mark75@yahoo.com
ADV1255817,Gabrielle Price,Career Sales Force,ON,Central,2016-12-20,1,lisasantiago@peterson.net
ADV0211596,Mr. Stuart Orozco MD,Independent Advisor,ON,Central,2008-01-05,1,jeffreygarcia@sims-mcintyre.biz
ADV8503800,Stephen Johnson,Career Sales Force,QC,East,2016-06-02,1,russelldominique@gmail.com
ADV8097650,Jessica Young,Independent Advisor,QC,East,2017-11-01,1,amberrichardson@hotmail.com
ADV4894870,Brittany Rodriguez,Career Sales Force,QC,East,2019-03-21,1,katieleonard@gmail.com
ADV6657853,Maria Holland,Career Sales Force,BC,West,2011-10-30,1,michelle55@gmail.com
ADV9966141,Shawn Young,Career Sales Force,ON,Central,2013-11-27,1,william17@hotmail.com
ADV5829109,Cheryl Ponce,Career Sales Force,ON,Central,2014-01-04,1,ambermartinez@jordan.biz
ADV1773030,James Martin,Group Plan Sponsor,AB,West,2022-11-28,1,montgomeryamanda@roberts-hill.info
ADV6898787,Jamie Smith,Independent Advisor,MB,Central,2023-01-15,0,lancejenkins@jackson-williams.org
ADV6934932,Terri Mason,Independent Advisor,QC,East,2021-09-29,1,david84@smith.info
ADV1258167,Wendy Hall,Independent Advisor,ON,Central,2013-05-31,1,zhangjesus@hotmail.com
ADV8714996,Christopher Duran,Independent Advisor,AB,West,2013-07-03,1,cwright@yahoo.com
ADV9609132,Barbara Zavala,Career Sales Force,MB,Central,2016-09-17,1,alvaradoandrew@gmail.com
ADV7068738,David Carroll,Career Sales Force,ON,Central,2020-04-10,1,jacksonryan@yahoo.com
ADV3650019,Courtney Davis,Independent Advisor,ON,Central,2020-04-13,1,garnold@carroll.com
ADV9490920,Deborah James,Independent Advisor,ON,Central,2019-04-06,1,lloyddavid@anderson.com
ADV7327371,Kyle Campbell MD,Bank/Partner,QC,East,2021-09-25,1,pamelahoward@mcgrath.com
ADV0362174,Jessica Garcia,Digital/Direct,MB,Central,2016-01-09,1,harmontiffany@wallace-phillips.com
ADV4200602,Crystal Coleman,Bank/Partner,BC,West,2012-07-27,1,huertastephen@green-walker.com
ADV9373984,Michelle Haynes,Career Sales Force,ON,Central,2012-12-25,1,zpittman@martinez-hays.com
ADV6493866,Bobby Jefferson,Career Sales Force,QC,East,2019-01-02,1,cathyjohnson@hotmail.com
ADV3878818,Brianna Dickson MD,Career Sales Force,AB,West,2022-09-05,1,jacksonrobert@gmail.com
ADV8295323,Jenny Fitzgerald,Bank/Partner,QC,East,2017-01-11,1,frose@yahoo.com
ADV0676537,Bethany Anderson,Digital/Direct,AB,West,2015-11-28,1,valeriehodge@russell.biz
ADV8039891,Elizabeth Price,Digital/Direct,ON,Central,2010-09-24,0,joneserica@gmail.com
ADV4185207,Lacey Anthony,Career Sales Force,ON,Central,2009-10-29,1,robert43@horton.com
ADV8898789,Jennifer Henderson,Bank/Partner,QC,East,2019-11-30,1,mckinneysamuel@travis-browning.com
ADV4781631,Victoria Rice,Independent Advisor,QC,East,2011-12-26,1,allenkimberly@estrada.com
ADV1187166,Justin Snyder,Bank/Partner,NB,East,2021-10-26,0,zmyers@gmail.com
ADV5695653,Lisa Larsen,Independent Advisor,QC,East,2008-08-02,1,steven77@day.org
ADV8476677,Chase Rice,Career Sales Force,ON,Central,2023-01-31,1,brandi38@hotmail.com
ADV5653787,Rhonda Harris,Career Sales Force,ON,Central,2014-01-17,1,michaelmorse@cruz.net
ADV7830378,Kristy Diaz,Group Plan Sponsor,QC,East,2016-08-13,1,douglas73@hotmail.com
ADV5706657,Cynthia Jones,Independent Advisor,ON,Central,2008-12-11,1,smorrow@yahoo.com
ADV4567234,Carolyn King,Independent Advisor,BC,West,2018-10-21,1,sarahknox@johnson.com
ADV2333456,Ethan Johnson,Independent Advisor,ON,Central,2012-09-25,1,jacqueline72@newman-turner.com
ADV3847114,Charles Pham,Independent Advisor,ON,Central,2016-10-19,1,carolynwheeler@gmail.com
ADV3414672,Samuel Curry,Digital/Direct,QC,East,2015-12-29,1,paulbautista@allison-camacho.biz
ADV3557368,David Cantu,Career Sales Force,ON,Central,2017-03-04,1,davenportmegan@cole.com
ADV2833665,Julia Wright,Career Sales Force,BC,West,2016-11-26,1,brianlowe@hess-brown.com
ADV2098858,Heather Hernandez,Bank/Partner,QC,East,2018-09-28,1,jeffreypatel@hotmail.com
ADV4012393,Christina Harris,Independent Advisor,QC,East,2019-08-04,1,emccarthy@austin.com
ADV6265141,Lisa Johnson,Career Sales Force,BC,West,2009-08-02,1,holmestheodore@mathis.net
ADV8798271,Brian Perkins,Career Sales Force,BC,West,2015-09-14,1,melissa59@hotmail.com
ADV9769881,John Mclaughlin,Career Sales Force,AB,West,2008-02-01,1,kporter@hotmail.com
ADV0924068,Ryan Thomas,Career Sales Force,ON,Central,2009-07-05,1,stephen40@velez-snyder.biz
ADV8565459,Ryan Alvarado,Career Sales Force,ON,Central,2018-04-15,1,michelle83@singleton.info
ADV2465026,Daisy Rivera,Career Sales Force,BC,West,2011-07-31,1,yhebert@hotmail.com
ADV6796533,Timothy Jones,Independent Advisor,QC,East,2009-06-21,1,garciasara@norton-warner.info
ADV8471121,Elizabeth Peters,Digital/Direct,QC,East,2021-01-14,0,kcarroll@sanchez.com
ADV6652514,John Murphy,Digital/Direct,QC,East,2022-01-01,1,michael18@white-jones.net
ADV1011456,Jake Hamilton,Independent Advisor,BC,West,2022-05-05,1,richard25@gmail.com
ADV4107922,Tiffany Keller,Career Sales Force,ON,Central,2008-09-29,1,james60@stone.com
ADV3224779,Ross Lewis,Group Plan Sponsor,QC,East,2012-05-31,1,bartonbrianna@collier.com
ADV3430324,Eric Sanders,Bank/Partner,ON,Central,2020-03-05,1,cbrown@jimenez-lee.com
ADV1789019,Christopher Morgan,Independent Advisor,ON,Central,2022-10-05,1,ehall@gmail.com
ADV8535585,Jennifer Lang,Career Sales Force,BC,West,2014-03-17,1,gwalker@patel.com
ADV0672118,Matthew Dominguez,Career Sales Force,QC,East,2019-04-28,1,sarah03@holden.com
ADV4590285,Tony Daniel,Independent Advisor,ON,Central,2012-06-17,0,xpena@gmail.com
ADV0717784,Corey Sanchez,Independent Advisor,MB,Central,2014-07-01,1,markmorales@gmail.com
ADV2856165,Keith Fischer,Career Sales Force,BC,West,2022-10-10,1,jessica58@gmail.com
ADV2717951,Adam Harvey,Group Plan Sponsor,QC,East,2015-03-04,1,kevin43@reed.com
ADV5552625,Curtis Curtis,Independent Advisor,NS,East,2015-03-21,1,olivia56@gmail.com
ADV5678778,Kelly Lambert,Independent Advisor,QC,East,2021-08-11,1,teresa95@hall-hernandez.biz
ADV2254701,Douglas Cook,Career Sales Force,AB,West,2013-04-17,1,reedmario@hotmail.com
ADV7833541,Mrs. Kristen Preston,Bank/Partner,ON,Central,2011-08-09,1,jrodriguez@hotmail.com
ADV5878682,Gary Garcia,Independent Advisor,ON,Central,2014-12-03,1,jessicaharris@yahoo.com
ADV0196283,James Haynes,Career Sales Force,ON,Central,2012-11-19,1,wsmith@yahoo.com
ADV5202250,Jill Harrington,Independent Advisor,ON,Central,2018-03-20,1,thompsonsandra@gmail.com
ADV2536698,Danielle Blevins,Independent Advisor,QC,East,2008-06-18,0,benjamincraig@hotmail.com
ADV2665713,Heather Calderon,Bank/Partner,ON,Central,2022-04-20,1,ksmith@gmail.com
ADV8804210,Brittany Montoya,Career Sales Force,QC,East,2011-09-29,1,ryanchristopher@potts-smith.com
ADV5653769,Natasha Perez,Digital/Direct,ON,Central,2019-07-10,1,rhicks@white.com
ADV3245480,Kathryn Morton,Independent Advisor,ON,Central,2018-07-12,1,bradfordbrenda@christensen.biz
ADV5426850,Rhonda Sanders,Career Sales Force,NB,East,2013-08-30,1,harrissamantha@hotmail.com
ADV0463380,Matthew Russo,Career Sales Force,BC,West,2011-10-11,1,dherrera@jones.com
ADV0194139,Kayla Roberson,Career Sales Force,SK,West,2016-04-26,1,cooperjacob@yahoo.com
ADV6220712,Mr. Jeffery Brock,Career Sales Force,QC,East,2008-03-02,1,gmurphy@gmail.com
ADV3667233,Angela Baker,Independent Advisor,ON,Central,2013-12-15,1,jwheeler@morton.com
ADV0754919,Jeremy Wilson,Independent Advisor,QC,East,2011-10-08,1,robert37@hotmail.com
ADV6267338,Rebecca Pearson,Career Sales Force,QC,East,2014-09-05,1,michael26@moore.com
ADV1069515,Wesley Wilson,Group Plan Sponsor,ON,Central,2021-03-04,1,xalvarado@medina-peterson.net
ADV2863666,Vanessa Williamson,Career Sales Force,AB,West,2008-08-13,1,hernandezcolton@yahoo.com
ADV3504359,Sarah Rice,Independent Advisor,QC,East,2018-07-08,1,paul93@pittman.biz
ADV9461466,Kristina Burns,Digital/Direct,BC,West,2011-05-26,1,alexandra88@gmail.com
ADV9499503,Gloria Rodriguez,Bank/Partner,QC,East,2020-01-30,1,ruthclark@hotmail.com
ADV7598083,Amanda Hughes,Independent Advisor,QC,East,2016-02-27,1,youngclifford@yahoo.com
ADV8540155,Desiree Mcguire,Independent Advisor,ON,Central,2010-01-13,1,travis34@gmail.com
ADV5150146,Daniel Taylor,Career Sales Force,NB,East,2020-10-21,1,fergusonjoseph@kelly.org
ADV6983708,Stephanie Parker,Career Sales Force,ON,Central,2023-12-23,0,wilkinspaul@griffin.com
ADV3797901,Elizabeth Flowers,Independent Advisor,ON,Central,2013-04-17,1,davidortiz@yahoo.com
ADV6517091,Sean Soto,Career Sales Force,ON,Central,2015-09-24,1,maxwellcorey@yahoo.com
ADV4857794,Joanne Frey,Independent Advisor,QC,East,2010-03-29,1,caldwellkari@gmail.com
ADV9587168,Michael Chung,Career Sales Force,NL,East,2015-06-14,1,zochoa@bennett-meyer.net
ADV1818717,Haley Guerrero,Digital/Direct,MB,Central,2019-04-20,1,zjohnson@yahoo.com
ADV1592143,Christina Miller,Digital/Direct,BC,West,2009-04-17,1,christopher84@kim-murray.com
ADV0421209,Tami Torres,Bank/Partner,PE,East,2019-02-10,1,rojasvirginia@hotmail.com
ADV9384912,Sara Diaz,Independent Advisor,BC,West,2009-11-07,1,mary53@yahoo.com
ADV7284447,Daniel Harris,Career Sales Force,ON,Central,2017-04-30,1,xlove@villegas.com
ADV0778975,Christopher Harris,Career Sales Force,QC,East,2018-02-02,1,lwyatt@hotmail.com
ADV4383503,Angela Perry,Independent Advisor,ON,Central,2021-12-24,1,woodsandrew@yahoo.com
ADV2457415,Robert Henry,Independent Advisor,ON,Central,2019-03-02,1,edward99@hughes-pearson.com
ADV0872203,Phillip Russell,Independent Advisor,ON,Central,2014-08-25,1,xlambert@gmail.com
ADV0916528,Mark Williamson,Independent Advisor,ON,Central,2021-02-16,1,robertholloway@yahoo.com
ADV1876842,Joel Henderson,Independent Advisor,NS,East,2013-03-08,1,jennifer03@lin.biz
ADV1948398,Jason Fisher,Career Sales Force,NT,West,2008-05-06,1,judith03@gmail.com
ADV3472025,Felicia Gallegos,Career Sales Force,ON,Central,2020-12-12,1,paulmichael@gmail.com
ADV1390040,Gregory Gilmore,Independent Advisor,BC,West,2011-11-04,1,katierogers@tyler.com
ADV0118157,Luis King,Independent Advisor,ON,Central,2013-01-13,1,zpatterson@yahoo.com
ADV6638018,Lacey Clark,Group Plan Sponsor,ON,Central,2013-04-21,1,abbottherbert@gmail.com
ADV0110156,Mr. David Sandoval Jr.,Independent Advisor,ON,Central,2019-06-04,1,qmartin@yahoo.com
ADV0906854,Douglas David,Independent Advisor,ON,Central,2017-03-14,1,matthewbrown@hotmail.com
ADV1283076,Aaron Brown,Bank/Partner,ON,Central,2018-08-02,1,dperez@hotmail.com
ADV0010616,Douglas Hayes,Career Sales Force,ON,Central,2012-12-16,1,btran@casey-james.net
ADV1973400,Desiree Johnson,Independent Advisor,ON,Central,2021-06-27,1,jennifer52@bell.com
ADV5063155,Alejandro Johnston,Independent Advisor,ON,Central,2022-07-28,1,pamela26@gmail.com
ADV7158287,Matthew Young,Independent Advisor,MB,Central,2012-11-18,1,gravesvalerie@yahoo.com
ADV4892901,Eileen Peterson,Career Sales Force,ON,Central,2023-11-11,1,huangtraci@gardner.com
ADV0396605,Sara Bass,Digital/Direct,ON,Central,2008-11-11,1,ipeterson@lee.biz
ADV3422954,Rachel Johnson,Group Plan Sponsor,QC,East,2012-10-04,1,heatherchurch@rivera-jarvis.com
ADV0743615,James Daniels,Career Sales Force,ON,Central,2023-12-12,1,shuber@gmail.com
ADV8402053,Jason Parks,Career Sales Force,QC,East,2017-01-15,1,xmitchell@gmail.com
ADV1613902,Felicia King,Career Sales Force,ON,Central,2014-07-24,1,gibsonevelyn@bridges.info
ADV3529095,Karen Gardner,Bank/Partner,BC,West,2012-07-24,1,karenbell@patel-watson.com
ADV0112363,Jonathan Peterson,Independent Advisor,QC,East,2023-03-10,1,kristenlee@jordan.com
ADV7222382,Brent Zavala,Career Sales Force,BC,West,2012-06-12,1,natalieford@hotmail.com
ADV2961811,Patrick Knight,Bank/Partner,QC,East,2020-06-01,1,meganjoseph@yahoo.com
ADV4617170,Gerald Bauer,Independent Advisor,QC,East,2018-07-18,1,mary48@escobar.com
ADV4626663,Connie Hickman,Independent Advisor,ON,Central,2018-01-10,1,cheyenne53@yahoo.com
ADV7737987,Elizabeth Martinez,Independent Advisor,ON,Central,2018-05-29,1,nicholasjohnson@dominguez.com
ADV7827139,Lauren Carr,Independent Advisor,QC,East,2014-07-22,1,cassandralewis@yahoo.com
ADV2842054,Kenneth Coffey,Independent Advisor,ON,Central,2011-07-10,0,barnesrichard@hotmail.com
ADV5020391,Joshua Salazar,Career Sales Force,ON,Central,2009-08-29,1,robertbrown@yahoo.com
ADV6059315,Scott Keller,Independent Advisor,BC,West,2015-08-17,1,kevin11@yahoo.com
ADV2886667,Todd Simpson,Digital/Direct,ON,Central,2019-03-13,1,qvance@benton.com
ADV4930669,William Collins,Independent Advisor,ON,Central,2010-06-01,1,yewing@hotmail.com
ADV3453747,Nicholas Watson,Digital/Direct,BC,West,2010-01-24,1,garymarks@arnold-rosales.com
ADV4295753,Steven Garcia,Independent Advisor,ON,Central,2022-01-14,1,reedjohn@hotmail.com
ADV9394009,Debbie King,Bank/Partner,AB,West,2012-06-24,1,robert73@leon.info
ADV5386661,Charles Crawford,Career Sales Force,SK,West,2018-05-20,1,melissastephenson@swanson-vazquez.com
ADV0707127,Kenneth Wallace,Bank/Partner,NS,East,2016-12-26,1,rachel77@yahoo.com
ADV6760821,Megan Morgan,Career Sales Force,QC,East,2009-04-24,1,garciaernest@yahoo.com
ADV8154701,Justin Taylor,Career Sales Force,ON,Central,2020-03-18,1,dennis86@nolan.com
ADV4476194,Gina Schwartz,Career Sales Force,QC,East,2009-11-22,1,woodardlaura@hotmail.com
ADV9905443,Robert Navarro,Career Sales Force,QC,East,2010-09-30,1,jenniferboyer@walker-williamson.net
ADV5412186,Lisa Black,Digital/Direct,QC,East,2013-11-25,1,vmahoney@kim.com
ADV3302901,Jermaine Lowe,Group Plan Sponsor,ON,Central,2009-11-12,0,jacksoncynthia@yahoo.com
ADV8504733,Joseph Roberson,Bank/Partner,ON,Central,2008-06-04,1,huynhjoshua@gmail.com
ADV6592216,William Bush,Career Sales Force,ON,Central,2022-11-29,1,zachary95@yahoo.com
ADV5363154,Stephen Nguyen,Digital/Direct,ON,Central,2014-07-30,0,edwardsmichael@hotmail.com
ADV4492250,John Perkins,Independent Advisor,ON,Central,2013-02-10,1,wchandler@hotmail.com
ADV1556184,Ronald Nelson,Career Sales Force,SK,West,2009-11-09,1,hjacobson@yahoo.com
ADV1324444,Christopher Carpenter,Independent Advisor,ON,Central,2022-10-22,1,robinsonjustin@smith-carter.com
ADV9949882,Bridget Randall,Independent Advisor,QC,East,2009-10-02,1,jchase@gmail.com
ADV4300648,Anna Smith,Career Sales Force,NS,East,2014-02-14,1,lopezian@rodriguez.org
ADV6084596,Dr. Peter Brooks MD,Independent Advisor,ON,Central,2023-04-24,1,zwilliams@yahoo.com
ADV0140171,Daniel Miller,Independent Advisor,QC,East,2023-04-04,1,michaela20@wilson-morales.info
ADV1502969,Eric Mayer,Career Sales Force,BC,West,2020-06-21,1,psingh@mason.com
ADV3623181,Kimberly Maynard,Independent Advisor,ON,Central,2008-12-10,1,lopezaustin@hotmail.com
ADV2443329,Anthony Alexander,Independent Advisor,QC,East,2015-11-17,1,khooper@washington-townsend.com
ADV5996819,Douglas Caldwell,Independent Advisor,AB,West,2011-09-28,0,shane22@yahoo.com
ADV4720841,Mary Harris,Group Plan Sponsor,BC,West,2011-11-20,1,twright@gmail.com
ADV6047743,Erika Johnson,Bank/Partner,AB,West,2022-04-13,1,daniel27@hotmail.com
ADV8101840,Brittany Pierce,Independent Advisor,NL,East,2018-07-23,1,gmontgomery@gmail.com
ADV1084026,Philip Davis,Independent Advisor,ON,Central,2023-09-27,1,richard04@yahoo.com
ADV5800037,Sandra Miller,Independent Advisor,BC,West,2019-11-28,1,baileytara@yahoo.com
ADV6266174,William Black,Independent Advisor,QC,East,2010-05-23,1,johngreen@fletcher.com
ADV0376273,Sherry Glover,Career Sales Force,BC,West,2022-01-24,1,jonestiffany@hotmail.com
ADV4098157,Blake Drake,Independent Advisor,BC,West,2012-01-08,1,parsonsgordon@smith.net
ADV5292338,Ryan Ward,Independent Advisor,BC,West,2014-07-19,1,ogreen@hotmail.com
ADV5799899,Jessica Spencer,Independent Advisor,MB,Central,2015-06-29,1,hwalker@yahoo.com
ADV9611738,Thomas Alexander,Digital/Direct,ON,Central,2018-11-29,1,vsanders@smith.com
ADV9672498,Tina Cole,Independent Advisor,BC,West,2020-08-31,1,mcarlson@gmail.com
ADV2948561,Brittany Clayton,Independent Advisor,ON,Central,2021-01-25,1,kellerchristian@graham.net
ADV3780064,Anthony Davidson,Career Sales Force,QC,East,2015-09-20,1,gonzalezmonique@hotmail.com
ADV8030781,Julie Williams,Career Sales Force,BC,West,2010-06-03,1,lorilee@lin-fisher.com
ADV3809811,Brett Lozano DDS,Independent Advisor,AB,West,2014-07-22,1,ricky66@marshall.org
ADV6050537,Christine Thompson,Independent Advisor,QC,East,2008-03-06,1,hernandezkyle@gmail.com
ADV8466922,Dawn Joyce,Career Sales Force,QC,East,2018-01-01,1,kaylahanson@roberson.com
ADV3782165,Jose Joseph,Career Sales Force,ON,Central,2009-05-21,1,douglas93@thomas.com
