EmployerID,EmployerName,Industry,SizeBucket,Province,City,StartDate
EMP07644806,Hernandez Ltd,Financial Services,50-199,ON,Michaelhaven,2018-06-03
EMP20597777,"Mclean, Shea and Robinson",Financial Services,200-999,AB,Parkerside,2010-07-05
EMP51845319,"Campbell, Robertson and Garcia",Transportation,50-199,ON,Brownville,2009-12-18
EMP76485442,"Edwards, Henry and Mcfarland",Construction,50-199,BC,Sarahville,2019-09-29
EMP05808826,Henry-Coleman,Healthcare,200-999,ON,North James,2008-01-06
EMP17730948,"Dominguez, Coleman and Gonzales",Financial Services,50-199,BC,Lisaport,2015-12-19
EMP67713440,Duarte-Garcia,Education,<50,AB,Martineztown,2022-10-04
EMP51769739,"Harrison, Carlson and Campbell",Education,50-199,ON,Janetstad,2015-11-12
EMP43930471,Lewis Ltd,Financial Services,200-999,BC,North Gregoryland,2018-05-18
EMP41643256,Owens Ltd,Manufacturing,200-999,MB,Morenofort,2018-08-07
EMP94186703,"Burnett, Green and King",Tech,50-199,AB,Tracychester,2007-05-10
EMP78488382,Henderson and Sons,Tech,<50,ON,West Sarah,2020-03-12
EMP26618180,"Liu, Dawson and Phillips",Financial Services,<50,QC,New Daniel,2009-08-27
EMP77764727,Pratt Inc,Construction,<50,AB,Port Rhonda,2007-08-16
EMP54550121,"Gonzalez, Anderson and Johnson",Transportation,<50,ON,North Michelle,2010-11-28
EMP46648507,Robbins LLC,Public Sector,1000+,AB,Reidmouth,2014-09-20
EMP56550573,Martin-Bernard,Education,<50,ON,Donaldport,2014-08-12
EMP60349224,Henson and Sons,Construction,200-999,AB,Port Carolineburgh,2013-07-06
EMP98028082,"Warner, Williams and Howard",Manufacturing,<50,ON,Gibsonview,2016-12-12
EMP92461557,Meyer-Ruiz,Retail,<50,ON,Ericshire,2006-11-05
EMP96444831,"Merritt, Reid and Chavez",Retail,50-199,YT,Lauramouth,2007-11-01
EMP30107764,"Rivas, Stone and Patterson",Transportation,<50,MB,Nancyland,2022-02-21
EMP71959146,Willis PLC,Hospitality,200-999,MB,Michaelside,2014-05-27
EMP44132366,"Garcia, Kim and Mcdonald",Transportation,1000+,NS,East Sandraview,2015-01-18
EMP63903139,"Sanchez, Roberson and Rogers",Healthcare,200-999,QC,Kristinbury,2019-10-09
EMP39464279,Robinson-Knight,Financial Services,<50,ON,Lake Reginald,2011-11-15
EMP27277472,Herrera-Harrington,Retail,200-999,ON,North Stephaniebury,2021-04-01
EMP00491472,"Douglas, Cohen and Taylor",Education,<50,QC,Andrewsmouth,2017-08-08
EMP73855148,"Allen, Kelly and Murillo",Manufacturing,1000+,ON,Johnstonberg,2005-05-14
EMP07476436,Patterson and Sons,Public Sector,50-199,SK,Mcfarlandborough,2020-08-14
EMP15066074,Vargas LLC,Tech,<50,ON,South Michelle,2016-06-25
EMP70141361,Pierce and Sons,Financial Services,<50,ON,New Cynthia,2010-12-26
EMP61157129,"Fernandez, Gonzalez and Johnson",Public Sector,<50,ON,East Olivia,2021-12-16
EMP95436520,Warren Ltd,Tech,<50,ON,Williamview,2021-01-10
EMP19444700,Rhodes-Stevens,Retail,1000+,ON,Michaelborough,2005-03-04
EMP24644915,Archer PLC,Transportation,200-999,BC,Bergerfurt,2008-03-30
EMP54829355,"Thompson, Hill and Cook",Healthcare,1000+,ON,West Michelle,2007-12-12
EMP84203808,Calhoun-Scott,Transportation,<50,QC,Murphyberg,2008-08-10
EMP51353166,Rivera PLC,Hospitality,50-199,MB,West Julia,2017-12-01
EMP12267797,Crosby-Curtis,Hospitality,<50,QC,New Kevinside,2008-12-28
EMP31699220,Matthews-Fuentes,Retail,50-199,BC,North Janice,2018-05-29
EMP15533848,English-Bell,Transportation,<50,ON,East Kenneth,2011-05-20
EMP93296265,Hull PLC,Hospitality,<50,ON,Reginaville,2021-05-10
EMP92991150,Kelley-Ferguson,Hospitality,50-199,ON,Ericfort,2007-04-18
EMP24991807,Luna Ltd,Retail,<50,NS,South Kelseyfort,2014-06-08
EMP88281543,Davis-Gonzalez,Public Sector,50-199,QC,West Joseph,2019-07-12
EMP07364380,Carter-Gibson,Healthcare,200-999,ON,Gilbertbury,2011-08-20
EMP77320992,"Jones, Arroyo and Berry",Hospitality,<50,QC,East Garrett,2005-01-08
EMP01088171,Parks-Mejia,Hospitality,1000+,AB,West Cheryltown,2019-02-07
EMP35780123,Shelton-Gomez,Healthcare,50-199,BC,Nicholasville,2007-09-27
EMP97394541,"Henson, Hopkins and Schroeder",Tech,200-999,QC,Lake Kimberly,2020-09-07
EMP90122106,Newton-Lopez,Financial Services,200-999,MB,Smithhaven,2014-01-02
EMP91259675,"Baldwin, Allen and Hampton",Education,200-999,BC,West Kristastad,2010-06-27
EMP41880707,"Williams, Price and Jones",Healthcare,200-999,QC,Robbinsburgh,2006-07-07
EMP81415903,Wilcox-Pace,Retail,200-999,ON,South James,2017-12-28
EMP93145639,Jackson-Espinoza,Retail,50-199,ON,Rebeccaland,2018-08-29
EMP52994055,Hicks-Collier,Manufacturing,<50,NS,South Kathrynton,2008-06-17
EMP16817174,Young LLC,Public Sector,<50,QC,South Amy,2008-11-04
EMP09151978,"Guzman, Collins and Berry",Construction,50-199,ON,New Melissastad,2005-12-25
EMP44678061,Hill Group,Public Sector,<50,QC,Victoriamouth,2016-02-10
EMP28274235,Gardner-Carr,Hospitality,<50,ON,Brandonport,2007-11-01
EMP76987624,Reynolds-Jacobson,Manufacturing,<50,AB,East Evelynchester,2022-02-12
EMP13941698,"Nguyen, Becker and Garner",Healthcare,50-199,ON,West Joseph,2017-12-06
EMP24522297,Wilson and Sons,Financial Services,<50,AB,Staffordberg,2005-11-03
EMP88918045,"Molina, Adams and Butler",Transportation,50-199,QC,New Theresa,2010-07-26
EMP31183391,Moreno-Williams,Transportation,200-999,ON,Lake Sherri,2007-04-03
EMP99511251,Lowe Inc,Healthcare,200-999,ON,East Michael,2015-04-01
EMP41507011,"Buchanan, Hill and Ware",Construction,<50,AB,Pricetown,2006-08-11
EMP80455683,Johnson-Cardenas,Construction,50-199,ON,Andersonstad,2015-05-28
EMP83957878,"Alvarado, Norman and Edwards",Healthcare,50-199,ON,Brooksfurt,2016-11-21
EMP50418222,"Meadows, Johnson and Ruiz",Tech,50-199,BC,North Kyle,2005-12-21
EMP65942003,Harper PLC,Financial Services,200-999,ON,Reynoldsshire,2005-10-20
EMP95810810,Briggs-Brewer,Public Sector,<50,ON,North Robertfurt,2018-06-28
EMP49608889,Powell-Vang,Financial Services,1000+,ON,Lake Michael,2017-10-23
EMP29385766,Mills Ltd,Construction,<50,AB,Steveshire,2015-05-17
EMP67718535,"Ortega, Smith and Malone",Public Sector,200-999,ON,Aguirrebury,2022-01-06
EMP98847366,"Stephens, Burton and Myers",Public Sector,50-199,ON,West Jasonfort,2018-01-19
EMP22014414,"Johnson, Jones and Fisher",Transportation,<50,ON,West Joshua,2007-09-16
EMP62335373,Orr-Jackson,Retail,200-999,ON,Hallport,2018-07-17
EMP43162279,Wheeler-Miller,Tech,<50,ON,North Julie,2009-07-28
EMP69847345,Williams Group,Education,200-999,ON,Nelsonshire,2005-12-29
EMP98462855,"Sims, Harris and Freeman",Education,50-199,ON,Port Aaronmouth,2015-03-16
EMP76021702,Meyer-Garcia,Transportation,<50,ON,West Deborahfurt,2018-05-17
EMP56589196,"Long, Cruz and Brown",Education,<50,MB,Port Albert,2017-10-27
EMP60675059,Schwartz PLC,Hospitality,200-999,ON,Carterfurt,2019-11-19
EMP71991845,Rodriguez-Nielsen,Healthcare,<50,ON,Hartside,2007-07-08
EMP47979902,"Romero, Wade and Henry",Public Sector,200-999,MB,Robertchester,2018-10-22
EMP75005611,"Vargas, Morrison and Davies",Transportation,200-999,MB,Robinsonstad,2014-12-30
EMP15054465,Miller-Mcmahon,Public Sector,200-999,BC,New Annaberg,2009-09-14
EMP77975425,Odonnell-Hall,Public Sector,<50,ON,New Amy,2006-10-14
EMP19817170,Jones-Terry,Transportation,200-999,QC,New Heatherville,2005-04-04
EMP46749726,Chavez PLC,Transportation,1000+,ON,Matthewton,2021-04-13
EMP73788762,Case-Miranda,Retail,<50,ON,Weberburgh,2013-07-05
EMP73533191,Rodriguez and Sons,Education,<50,ON,Patriciafort,2011-02-09
EMP09547317,Rodriguez-Davis,Hospitality,<50,QC,Lake Joseph,2006-10-24
EMP15993764,Hull Inc,Education,50-199,ON,South Robert,2016-11-03
EMP13690789,Acevedo LLC,Manufacturing,200-999,QC,Boothstad,2007-08-25
EMP41288611,Harrison LLC,Construction,50-199,ON,South Emily,2008-03-02
EMP45065004,"Dominguez, Vazquez and Ferguson",Tech,50-199,ON,West Cindyland,2006-10-04
EMP78429434,Smith-Smith,Transportation,<50,AB,Sarahland,2021-04-05
EMP03597751,"Nelson, Wilson and Blair",Manufacturing,<50,MB,North Brendaview,2011-02-25
EMP39086278,Ward LLC,Hospitality,<50,ON,East Joshua,2015-02-17
EMP01690616,Miller-Kennedy,Tech,200-999,QC,Lake Shannon,2005-12-13
EMP60688022,Greene Inc,Financial Services,50-199,ON,Sophiahaven,2020-11-24
EMP41878109,Mccall-Wallace,Public Sector,50-199,ON,Lake Dennis,2014-02-14
EMP26900010,Vargas Ltd,Transportation,200-999,BC,Obrienbury,2022-11-07
EMP86989228,Roberts-Miller,Retail,<50,ON,Johnsonland,2008-10-14
EMP20689917,Hanson-David,Education,<50,QC,Philipberg,2012-11-24
EMP86884042,Nguyen Inc,Manufacturing,<50,QC,Waltermouth,2017-10-17
EMP11655756,Davis and Sons,Financial Services,1000+,ON,Gloriaton,2022-03-13
EMP08418701,Lopez PLC,Hospitality,200-999,ON,East Timothybury,2016-04-05
EMP02075976,"Moore, Pittman and Cox",Hospitality,50-199,ON,Port Ashleychester,2006-02-01
EMP50060028,"Hernandez, Dawson and Olson",Public Sector,<50,NS,West Cheryl,2013-02-26
EMP47413071,Thompson-Smith,Retail,<50,QC,Port Stephenchester,2018-09-01
EMP39545726,"Wang, Clark and Fox",Financial Services,50-199,ON,Sherriville,2006-12-26
EMP85412953,Smith-Torres,Healthcare,50-199,ON,Lindsaytown,2012-05-03
EMP45562649,"White, Woodward and Turner",Healthcare,1000+,QC,South Emily,2016-02-27
EMP11456494,Myers and Sons,Tech,200-999,ON,Lake Ariel,2022-06-01
EMP11919203,Jones Inc,Education,50-199,QC,North Charlesport,2021-09-22
EMP64764694,Jones Group,Public Sector,200-999,BC,Colemanfort,2008-10-08
EMP14829563,Nguyen Ltd,Retail,1000+,QC,Lake Vanessa,2017-06-15
EMP90244412,"Smith, Hutchinson and Simmons",Transportation,50-199,ON,Mckeemouth,2007-09-23
EMP05355756,Walker-Rice,Construction,50-199,ON,Port Ericaborough,2014-10-21
EMP56632735,Griffin and Sons,Retail,1000+,ON,Port Ernestside,2021-01-19
EMP14565395,"Walker, Farley and Mclaughlin",Hospitality,<50,QC,Angelashire,2021-03-14
EMP87581985,Guzman-Lopez,Retail,200-999,MB,Joshuashire,2011-12-23
EMP75272358,Welch-Reid,Healthcare,<50,ON,Port Chelseyview,2013-04-03
EMP34010088,Smith and Sons,Public Sector,50-199,QC,North Sarahfurt,2021-11-17
EMP80025341,Myers LLC,Tech,200-999,BC,Lake Andrewside,2007-10-18
EMP73079048,"Preston, Baker and Holden",Financial Services,50-199,ON,New Erinside,2010-06-03
EMP78437126,York and Sons,Healthcare,50-199,ON,Port Rebeccaborough,2012-09-03
EMP61535909,Jones-Wilson,Transportation,50-199,ON,North Christine,2020-08-30
EMP47437617,"Jones, Potts and Trujillo",Retail,<50,BC,West Allison,2008-05-06
EMP73963062,Brown PLC,Transportation,<50,QC,Patriciabury,2016-12-02
EMP75417148,Wyatt and Sons,Construction,<50,BC,West Eddieburgh,2018-09-04
EMP99952889,Smith-Ruiz,Manufacturing,50-199,MB,Port Michellefort,2005-08-06
EMP61548330,Washington Inc,Education,50-199,BC,Theresafurt,2013-02-02
EMP87044491,Berry Group,Healthcare,<50,PE,Lake Kurt,2018-12-08
EMP31299062,Thompson and Sons,Retail,200-999,BC,New Georgehaven,2012-02-07
EMP12149574,Johnson-Murphy,Financial Services,50-199,AB,Levinetown,2013-06-12
EMP00228886,Moran LLC,Retail,50-199,AB,East Josephside,2016-01-22
EMP56467760,Murray-Hammond,Construction,50-199,BC,Lake Robert,2011-11-09
EMP73758398,Benson-Brown,Healthcare,<50,AB,West Ericside,2017-05-07
EMP34576835,Joyce Group,Financial Services,200-999,SK,Ianshire,2017-08-22
EMP49351833,Rios Group,Public Sector,50-199,QC,Stewartberg,2021-02-20
EMP54855103,Beard-Williams,Retail,<50,QC,Taylorchester,2013-09-24
EMP99663103,Ferguson-Blake,Financial Services,1000+,QC,New Diana,2016-04-07
EMP31206964,"Stewart, Wolf and Kim",Financial Services,200-999,AB,Jeffreyberg,2005-04-25
EMP43155042,"Ramirez, Reed and Curtis",Retail,200-999,QC,Mcmahonborough,2006-04-03
EMP17567986,Williams Ltd,Healthcare,200-999,AB,Port Dana,2012-01-23
EMP84976957,Walker Inc,Public Sector,1000+,AB,Michaelmouth,2012-07-01
EMP29674801,"Allen, Nash and Willis",Healthcare,<50,NS,Rodriguezbury,2005-03-09
EMP57846596,Hughes-Pollard,Tech,50-199,ON,New Williamburgh,2014-02-22
EMP49191287,"Murray, Oneal and Wilcox",Financial Services,50-199,BC,Port Tylerborough,2022-07-03
EMP97630120,"Smith, Sullivan and Ball",Education,<50,BC,Sallyborough,2013-05-23
EMP57948984,"Murphy, Gibbs and Reed",Transportation,<50,SK,West Davidberg,2022-05-21
EMP39240760,Williams-Guerra,Construction,<50,MB,South Elizabeth,2017-02-24
EMP25582948,Sloan PLC,Education,200-999,QC,South Gabriel,2013-05-14
EMP20039031,Cooper Ltd,Manufacturing,200-999,QC,Craigfurt,2013-12-01
EMP96776708,Matthews-Raymond,Retail,200-999,ON,Port Robert,2021-09-05
EMP77383092,Walker-Lindsey,Construction,<50,NB,Summerfort,2006-11-12
EMP16284095,Williams PLC,Transportation,<50,ON,East Ronaldberg,2020-08-07
EMP26507468,Davis-Bailey,Healthcare,50-199,BC,Wendybury,2019-07-13
EMP66224853,"Contreras, Robles and Avila",Transportation,50-199,AB,East Jerome,2009-02-03
EMP78927543,Ryan-Krueger,Public Sector,1000+,QC,Erikchester,2009-07-18
EMP12588160,"Roberson, Wood and Jackson",Tech,200-999,ON,Ashleyfurt,2008-10-02
EMP63474859,Strong-Garcia,Manufacturing,1000+,ON,Hillburgh,2005-11-17
EMP62745115,Johnston-Faulkner,Healthcare,200-999,AB,Hesterville,2007-09-23
EMP19877503,"Gross, Russell and Martinez",Construction,1000+,QC,New Samuelton,2008-07-11
EMP49243113,Brady-Morgan,Public Sector,50-199,ON,Terryberg,2013-09-17
EMP00325034,"Craig, Johnson and Faulkner",Education,<50,BC,South Ashleyburgh,2018-02-07
EMP96834489,"Davis, Hardy and Dixon",Education,<50,ON,Catherinetown,2009-05-13
EMP97559238,"Gamble, Potter and Stark",Retail,50-199,MB,West Michael,2015-02-15
EMP32538935,King-Rangel,Public Sector,<50,ON,Lake Joseph,2016-09-08
EMP97256602,"Nichols, Ramirez and Smith",Education,<50,ON,Atkinsborough,2015-09-15
EMP82231138,"Ramirez, Williams and Snyder",Construction,1000+,ON,New Lindseyside,2018-02-08
EMP02052757,Nash Group,Tech,<50,QC,Michaelhaven,2005-09-04
EMP64849956,"Oconnor, Kline and Wyatt",Public Sector,1000+,QC,North Gregoryberg,2016-10-23
EMP28692741,"Gibbs, Nelson and Smith",Financial Services,200-999,BC,Adamville,2009-02-24
EMP15314639,Salinas-Allen,Healthcare,50-199,QC,Villanuevastad,2009-09-12
EMP75941099,Thompson-Roth,Tech,200-999,ON,Jimmyhaven,2015-09-19
EMP71200250,Bennett Group,Hospitality,<50,ON,New Catherinebury,2009-10-26
EMP94257300,"Morales, Cunningham and West",Retail,50-199,ON,Brittneyborough,2010-02-12
EMP81637086,Meyer-Gomez,Retail,<50,SK,Millsport,2006-11-08
EMP42934324,Mason LLC,Manufacturing,1000+,ON,Phillipsburgh,2018-02-10
EMP10214810,"Bender, Garcia and Gonzalez",Transportation,<50,NL,East Zoechester,2021-01-07
EMP15240344,Farmer Ltd,Public Sector,<50,ON,Lake Johnland,2022-06-16
EMP57485223,Howard-Hunter,Hospitality,200-999,ON,Alexandrastad,2015-10-29
EMP52948632,"Charles, Thompson and Reynolds",Financial Services,200-999,ON,North Matthewburgh,2014-02-15
EMP73294044,"Peters, Jackson and Fry",Transportation,50-199,ON,Ericton,2015-01-08
EMP87116031,Davies-Dawson,Tech,50-199,AB,Ruthberg,2017-07-29
EMP09009180,Jones-White,Tech,<50,QC,Laurafort,2006-12-12
EMP11764205,"Webb, Kane and Gilbert",Transportation,200-999,ON,Lake Kathleen,2009-07-22
EMP25684028,Payne-Hood,Transportation,<50,BC,Danielburgh,2005-10-21
EMP56418798,"Martinez, Roberts and Mullen",Healthcare,<50,QC,Wilkinsontown,2017-12-01
EMP22295496,Robles LLC,Manufacturing,<50,SK,Josephport,2008-03-27
EMP99037813,"Williams, Patterson and Sherman",Hospitality,<50,NS,Paulton,2015-11-25
EMP57162254,Heath-Nelson,Retail,<50,BC,North Madeline,2016-04-20
EMP63808073,"Howard, Stevens and Leon",Hospitality,50-199,AB,East Autumnchester,2017-01-02
EMP30716787,Molina PLC,Transportation,<50,AB,West Lisa,2007-09-23
EMP37831815,"Lam, Anderson and Huynh",Transportation,<50,QC,Markville,2017-04-05
EMP21716601,Ramos-Smith,Construction,50-199,BC,Beckertown,2013-09-28
EMP75192090,"Allen, Molina and Hall",Construction,<50,ON,Hernandezmouth,2007-10-18
EMP59553158,Davis-Terry,Healthcare,200-999,BC,Sarahmouth,2005-07-06
EMP08451612,Ruiz-Pennington,Manufacturing,1000+,NS,Williamside,2008-09-28
EMP70451236,Brown and Sons,Retail,50-199,ON,South Lawrenceborough,2016-09-12
EMP98100512,Chambers-Atkins,Education,1000+,AB,Lake Donald,2016-06-19
EMP88826615,Monroe-Jensen,Transportation,<50,SK,Lake Raymond,2012-10-20
EMP53765775,Gonzalez-Fields,Healthcare,<50,ON,Meganton,2018-06-29
EMP27791495,Hall PLC,Education,200-999,QC,Danielfort,2018-03-05
EMP90073544,Trevino-White,Manufacturing,200-999,SK,Garciastad,2021-03-14
EMP90786316,Johnson-Gordon,Financial Services,200-999,NS,Aliport,2006-10-20
EMP41392161,Hinton Inc,Healthcare,<50,ON,Murrayborough,2014-01-17
EMP98992234,"Wong, Russell and Robertson",Transportation,200-999,ON,Davidville,2013-04-23
EMP87686345,Brown-Hodge,Retail,50-199,BC,Robertsport,2006-01-28
EMP07675795,Johnson-Dickerson,Public Sector,<50,ON,Tonyamouth,2022-08-21
EMP41796887,Harris and Sons,Retail,<50,ON,Dylanborough,2006-01-16
EMP50024740,Scott Inc,Tech,1000+,ON,New Donaldmouth,2020-01-15
EMP29938798,Wise LLC,Healthcare,<50,ON,Josephshire,2007-07-05
EMP63633655,"Parker, Tran and Jordan",Construction,200-999,QC,Johnsonstad,2006-04-25
EMP34065954,"Hampton, Beard and Park",Transportation,50-199,BC,Amandaburgh,2010-05-03
EMP01333371,"Preston, Brown and Spears",Hospitality,200-999,BC,New Jonathan,2010-11-27
EMP31360309,"Patton, Ortiz and Patel",Manufacturing,200-999,AB,Jamesside,2012-11-11
EMP72104758,"Morales, Sanchez and Smith",Public Sector,200-999,ON,Maldonadotown,2014-08-26
EMP32429145,"Krueger, Miller and Wilson",Retail,<50,ON,Amandahaven,2016-02-04
EMP04421004,Day and Sons,Public Sector,<50,ON,Nguyenmouth,2010-07-08
EMP09266481,"Davidson, Gill and Clark",Transportation,50-199,ON,West Kathryn,2011-04-10
EMP22123738,Mays LLC,Tech,50-199,ON,Port Brianfort,2020-08-17
EMP79196939,"Reid, Ramsey and Kirby",Manufacturing,<50,ON,Lake Bradleyfurt,2011-03-25
EMP50419325,"Wheeler, Roberts and Cooper",Transportation,<50,ON,Brooksshire,2007-04-02
EMP40887645,"Jones, Palmer and Schultz",Hospitality,<50,ON,Jasonview,2012-10-07
EMP51024118,"Gutierrez, Sparks and Stewart",Public Sector,<50,BC,New Donnafort,2013-02-02
EMP35577283,"Johnson, Burke and Warren",Retail,<50,QC,South Sarah,2006-12-16
EMP84170702,Ford and Sons,Healthcare,1000+,SK,Brandiborough,2013-02-03
EMP69412871,"Love, Jones and Campos",Healthcare,<50,AB,West Michael,2012-06-19
EMP32186164,Foley-Pollard,Hospitality,1000+,QC,East Mauricemouth,2022-02-09
EMP04128718,Green and Sons,Financial Services,1000+,ON,Gracechester,2006-06-03
EMP58735572,Bell LLC,Manufacturing,<50,QC,Mendozaside,2006-02-22
EMP32210908,Young Inc,Financial Services,200-999,ON,South Tommy,2012-09-10
EMP07352445,"Arroyo, Ellis and Meyers",Healthcare,50-199,QC,Port Robertburgh,2019-07-07
EMP35843131,Cantrell-Hawkins,Healthcare,200-999,ON,Herreraland,2012-02-02
EMP19048911,Moore-Wright,Healthcare,<50,QC,Robertchester,2017-01-18
EMP35921280,King-Leblanc,Hospitality,<50,ON,South Ashleybury,2015-01-20
EMP31190396,"Smith, Walker and Williams",Transportation,<50,BC,Tomborough,2007-04-22
EMP04945561,Stephens-Shah,Public Sector,50-199,AB,Andrewfort,2012-02-15
EMP89188734,"Rowland, Payne and Mcintosh",Retail,1000+,BC,East Oliviaton,2016-11-16
EMP81896350,Harris LLC,Construction,200-999,QC,Turnerchester,2013-09-02
EMP93076607,Brady Inc,Financial Services,200-999,QC,Kellyburgh,2009-04-05
EMP67822954,"Hayes, Watts and Morrison",Financial Services,1000+,ON,North Leslie,2014-03-03
EMP26705922,Grimes-Ruiz,Tech,200-999,BC,East Connor,2014-11-08
EMP80347141,Stewart LLC,Public Sector,<50,QC,North David,2020-02-22
EMP76431963,Terry and Sons,Education,200-999,ON,Lake Erikshire,2022-04-29
EMP47743665,Chandler-Miller,Transportation,50-199,ON,Port Michael,2010-02-21
EMP04695351,"Bowman, Fritz and Long",Education,<50,SK,North Jackmouth,2018-05-25
EMP06985094,"Williamson, Jones and Morton",Retail,50-199,QC,Coffeyland,2011-11-14
EMP28772945,"Johnson, Marshall and Moore",Tech,1000+,QC,East Brittneyburgh,2019-06-26
EMP76133973,"Bartlett, Horton and Hudson",Tech,<50,QC,Alvarezchester,2016-03-19
EMP77348517,Martin and Sons,Retail,50-199,ON,Lake Benjaminfurt,2008-02-26
EMP55793416,Jenkins PLC,Healthcare,<50,QC,Shortfort,2007-10-21
EMP43644421,Wood-Fields,Transportation,<50,ON,Aaronfurt,2016-02-10
EMP80361676,Sandoval-Terrell,Transportation,<50,QC,Burnsshire,2018-10-30
EMP30838117,"Hartman, Carter and Robinson",Manufacturing,200-999,BC,Fieldsview,2017-08-06
EMP98729611,"Gonzales, Barker and Hunter",Education,200-999,ON,Robertshire,2022-09-23
EMP82712226,Lopez-Hill,Public Sector,<50,AB,New Paulmouth,2016-11-26
EMP99729557,Hoffman-Carlson,Tech,<50,ON,East Feliciatown,2013-07-30
EMP79567236,Williams-Wright,Healthcare,<50,BC,Gregorystad,2010-03-21
EMP03795346,Brown Inc,Manufacturing,<50,QC,Olsenland,2013-12-28
EMP50547896,Mckenzie-Fernandez,Retail,50-199,BC,Ginaborough,2009-04-19
EMP34198833,"Lowery, Leonard and Ward",Healthcare,200-999,QC,East Tiffanyburgh,2021-11-03
EMP85744683,"Smith, Lawrence and Green",Public Sector,50-199,NS,Port Marioborough,2016-09-07
EMP82499938,"Shaw, Phillips and Carter",Healthcare,50-199,QC,East Jonathanburgh,2011-11-17
EMP99079727,Rodriguez PLC,Financial Services,50-199,BC,West Cynthia,2017-01-14
EMP14646266,Martin Ltd,Education,<50,BC,Port Marc,2020-07-23
EMP62324534,Hernandez-Stark,Tech,<50,ON,South Edwinland,2006-04-24
EMP22682851,Schneider LLC,Manufacturing,1000+,ON,West Laurentown,2010-11-27
EMP30034718,Middleton Inc,Healthcare,200-999,QC,West Erichaven,2020-12-23
EMP21676113,"Hardy, Brown and Fischer",Public Sector,1000+,ON,North Jasonchester,2011-03-04
EMP49219104,"Jordan, Hanson and Wood",Education,1000+,ON,Wardview,2016-06-17
EMP46892960,Wiley-Frank,Manufacturing,50-199,ON,West Cheryl,2013-04-21
EMP91572248,Wilson-Wright,Healthcare,1000+,QC,Colefort,2013-11-06
EMP26417851,"Jones, Davis and Smith",Hospitality,50-199,ON,Orrfurt,2017-10-30
EMP14552526,Campbell and Sons,Manufacturing,<50,AB,South Shellymouth,2007-03-09
EMP76090905,"Cummings, Taylor and Braun",Retail,<50,QC,Penaburgh,2022-03-07
EMP10671933,Osborne PLC,Transportation,<50,BC,New Melindastad,2015-06-30
EMP24142036,Smith-Pearson,Healthcare,<50,ON,Louisport,2021-06-05
EMP73376898,Petersen-Frazier,Tech,50-199,QC,Wallaceberg,2011-11-08
EMP94332778,Baxter-Carter,Public Sector,200-999,ON,East Cassandraton,2006-03-12
EMP14282158,Hall and Sons,Education,200-999,BC,New Madisonside,2018-04-08
EMP90313520,Wu Inc,Transportation,50-199,ON,Davidhaven,2005-03-21
EMP50200487,"Atkinson, Smith and Smith",Retail,<50,NS,East Stephen,2018-12-13
EMP00367831,Campbell-Mccormick,Financial Services,200-999,ON,New Jonshire,2016-07-15
EMP01082855,Sanders-Benjamin,Education,50-199,QC,Karaport,2007-12-05
EMP48004357,Frost LLC,Tech,<50,ON,North Elijah,2012-02-14
EMP52372557,"Bowman, Evans and Whitaker",Public Sector,<50,QC,New Nicole,2022-04-06
EMP74334262,"Schroeder, Williams and Powell",Education,<50,QC,South Peter,2020-08-08
EMP67917031,Johnson-Baldwin,Tech,<50,ON,West Carly,2012-03-28
EMP11080369,"Solomon, Smith and Lee",Education,200-999,ON,Jasonhaven,2013-11-14
EMP81961493,Crawford-Cherry,Financial Services,200-999,ON,West Nathan,2017-04-28
EMP18999841,Morgan Group,Hospitality,200-999,ON,Michellemouth,2016-02-07
EMP62469227,"Bailey, Rodgers and Norris",Manufacturing,<50,NU,Mitchellchester,2010-08-26
EMP05753837,Marsh PLC,Hospitality,200-999,ON,South Stephanie,2013-03-31
EMP40509634,"Murray, Reese and Taylor",Public Sector,200-999,ON,Port Kimberlyhaven,2019-12-15
EMP62242718,Lambert-Christensen,Manufacturing,<50,NS,Gravesburgh,2020-10-19
EMP35137215,Cook PLC,Education,50-199,ON,Geoffreyshire,2016-10-28
EMP13456680,Nguyen Group,Healthcare,50-199,QC,Townsendtown,2009-02-12
EMP30025876,Martin Group,Transportation,50-199,BC,Adamsburgh,2021-05-15
EMP71880484,Brown LLC,Tech,<50,MB,Port Kerry,2010-05-23
EMP89403245,Frazier-Berg,Manufacturing,50-199,BC,Brianland,2017-01-27
EMP41360280,Chapman LLC,Healthcare,<50,QC,Moranhaven,2011-02-11
EMP42145101,Mclaughlin-Howe,Transportation,<50,NB,Melvinfort,2022-11-18
EMP68133320,Bailey-Gomez,Financial Services,<50,ON,New Tracie,2020-01-15
EMP53329642,"Massey, Mitchell and Robinson",Education,1000+,NL,Port Sarah,2006-09-05
EMP88096071,Walker Group,Hospitality,<50,AB,Port Teresa,2020-10-09
EMP01464118,"Moore, Hester and Cunningham",Transportation,50-199,SK,New Rhonda,2008-11-01
EMP97186519,Moreno-Bowen,Healthcare,<50,ON,Whiteheadberg,2022-09-02
EMP40240349,King PLC,Construction,200-999,ON,Williamberg,2007-03-11
EMP05989189,Marshall-Williams,Healthcare,50-199,BC,Williamshaven,2009-06-26
EMP34542993,Lee-Gamble,Construction,1000+,QC,Kylefort,2009-03-23
EMP83754163,Lopez Inc,Healthcare,<50,QC,North Erichaven,2005-12-25
EMP21917805,"Humphrey, Brown and Williams",Healthcare,<50,SK,South Rachelton,2017-02-11
EMP53644486,"Barrett, Benton and Cole",Financial Services,50-199,QC,Lake Jonathan,2009-03-13
EMP39897373,Smith LLC,Construction,<50,ON,West Andrea,2022-01-28
EMP24953426,Jimenez-Barnett,Education,200-999,ON,North Jason,2008-02-03
EMP35339303,"Williams, Montoya and Velazquez",Hospitality,200-999,ON,Nathanhaven,2020-11-08
EMP50315793,Tucker Inc,Construction,50-199,ON,Cardenasburgh,2006-05-10
EMP82757752,Brown-Ramos,Tech,1000+,ON,Petersberg,2014-05-06
EMP58991516,"Joseph, King and Henderson",Healthcare,50-199,AB,Jennifertown,2012-05-13
EMP90698319,"Martin, Curtis and Rivera",Retail,<50,BC,Joshuaside,2020-07-10
EMP95906096,"Lopez, Osborne and Bryant",Manufacturing,50-199,QC,Shannonhaven,2020-10-17
EMP95003718,"Chandler, Jones and Chavez",Manufacturing,<50,ON,West Paulachester,2015-09-18
EMP24244057,"Hall, Miller and Martinez",Healthcare,200-999,BC,North Joannafurt,2022-10-04
EMP93889385,"Black, Hall and Jones",Hospitality,<50,AB,North Jenniferland,2022-09-21
EMP02614714,"Vega, Robinson and Walker",Healthcare,<50,MB,Christineland,2007-09-29
EMP25290978,Kelly-Pruitt,Financial Services,50-199,QC,Sotoport,2014-09-26
EMP81959853,Jensen-Taylor,Manufacturing,<50,AB,Marvinmouth,2020-10-15
EMP11385425,Clark Ltd,Construction,<50,QC,Mariomouth,2013-07-12
EMP69769493,Crawford Inc,Manufacturing,200-999,QC,Fostermouth,2005-07-11
EMP14118728,Elliott Group,Transportation,<50,AB,Maloneside,2018-07-12
EMP02737800,Hunt-Hall,Transportation,50-199,ON,West Amanda,2009-12-13
EMP95544651,Pierce-Munoz,Hospitality,<50,ON,Washingtonborough,2011-08-31
EMP66137610,"Strong, Anderson and Anderson",Public Sector,<50,ON,West Lisatown,2011-05-22
EMP54959241,"Kennedy, Munoz and King",Tech,<50,QC,East Kathyland,2006-12-04
EMP51431059,Ramos LLC,Public Sector,200-999,QC,Underwoodhaven,2019-02-04
EMP14284920,"Vazquez, Carey and Martin",Education,1000+,BC,New Cory,2007-11-19
EMP56988634,"Schneider, Underwood and Martinez",Public Sector,<50,QC,Gonzalezberg,2007-05-05
EMP14302539,Martinez-Williams,Transportation,1000+,ON,Ryanport,2005-07-28
EMP49602753,Lee PLC,Tech,50-199,MB,West James,2006-09-17
EMP59303978,Jackson-Booth,Manufacturing,50-199,ON,West Katelyn,2018-11-19
EMP91200891,Mccall Inc,Public Sector,200-999,SK,New Jeromeside,2022-11-28
EMP75098573,Curry Inc,Education,200-999,ON,Wrightshire,2007-10-20
EMP74901923,"Hall, Tanner and Ramirez",Construction,200-999,QC,Lake Emily,2013-05-24
EMP71521910,Ball-Dodson,Retail,50-199,QC,New Heather,2016-01-15
EMP68175819,Duke-Richardson,Construction,50-199,AB,New William,2009-04-22
EMP68396197,Sanchez Ltd,Construction,<50,ON,Cobbmouth,2011-10-21
EMP35359829,Murray-Bradshaw,Healthcare,<50,MB,Scottstad,2013-08-27
EMP47744483,Ramirez-Parker,Healthcare,200-999,QC,West Matthewstad,2012-03-30
EMP23131070,Green PLC,Tech,<50,QC,Robertshire,2007-09-25
EMP57741986,Jordan PLC,Public Sector,<50,QC,East Travis,2010-11-12
EMP00318229,"Herman, Sullivan and Collins",Healthcare,<50,ON,Larsonville,2011-09-14
EMP82356989,Walker Group,Tech,<50,QC,Robinsonborough,2016-04-07
EMP02503190,Pitts-Cunningham,Financial Services,50-199,ON,East Anna,2020-10-08
EMP11153925,Massey-Collins,Tech,50-199,ON,Lake Emily,2011-03-23
EMP66725886,Brown Ltd,Education,50-199,BC,Port Dana,2009-12-16
EMP68691310,Parker LLC,Tech,<50,QC,East Debraborough,2016-07-07
EMP42446983,Bridges Ltd,Manufacturing,50-199,ON,East Heidiville,2012-12-05
EMP37154163,Hurley PLC,Construction,50-199,ON,East Jamesshire,2018-11-27
EMP16161482,"Williams, Robertson and Berry",Public Sector,200-999,ON,North Jeremy,2015-07-25
EMP77917971,Scott-Alvarez,Retail,50-199,ON,Angelicabury,2012-08-11
EMP81545505,Lee PLC,Retail,50-199,QC,East Samantha,2013-10-17
EMP94290454,"Singh, Lane and Dickson",Public Sector,50-199,ON,Whiteside,2016-05-20
EMP94907522,"Ward, Lane and Mccarty",Education,1000+,MB,Turnershire,2020-03-15
EMP76605904,"Jones, Flores and Gentry",Construction,200-999,ON,New Julie,2017-06-11
EMP48247088,Reid PLC,Public Sector,50-199,ON,Walkermouth,2011-09-27
EMP76779446,Scott and Sons,Construction,50-199,MB,Victoriafort,2021-08-23
EMP18763346,Rubio Inc,Education,<50,ON,West Terri,2010-12-09
EMP76997354,"Brown, Garza and Rice",Healthcare,1000+,QC,Port Donnashire,2019-09-17
EMP68350744,Medina-Allen,Healthcare,<50,NS,South Timothyland,2016-07-04
EMP52573131,Page Ltd,Hospitality,<50,SK,Port Michael,2006-12-08
EMP36172872,Benjamin and Sons,Financial Services,1000+,BC,Hayesburgh,2020-01-01
EMP51098121,"Sanders, Bryant and Carney",Retail,200-999,ON,West Amyland,2006-07-24
EMP32351877,Kim and Sons,Healthcare,<50,QC,Salazartown,2020-10-01
EMP17817374,Brewer Inc,Transportation,<50,NL,East Tiffanyfort,2017-03-30
EMP81322331,Stewart LLC,Education,<50,NS,Loriton,2010-09-05
EMP75871044,Mclean LLC,Manufacturing,50-199,ON,South Craig,2019-08-12
EMP27571824,Lopez-Zamora,Financial Services,<50,ON,Patrickchester,2006-07-15
EMP48223311,Marquez-Clayton,Education,1000+,ON,Conradburgh,2010-04-10
EMP24337297,Harrington PLC,Public Sector,1000+,ON,South Jillland,2012-03-16
EMP13123104,Martin-Day,Hospitality,50-199,BC,Thomasfort,2008-12-26
EMP73839257,Randall and Sons,Transportation,50-199,ON,Lake Jacobchester,2006-12-04
EMP09346608,"Rodriguez, Chandler and Morgan",Transportation,<50,ON,Lake Danielton,2014-11-12
EMP69464889,"Fitzpatrick, Dorsey and Gutierrez",Manufacturing,<50,ON,Austinfort,2022-01-10
EMP57347070,Wright Group,Healthcare,200-999,QC,North Angela,2012-12-30
EMP54444445,Chang LLC,Healthcare,<50,ON,Lake Jameston,2010-10-12
EMP75689172,Garcia-Shepherd,Construction,<50,QC,West Michelle,2022-11-11
EMP17087968,"Coleman, Barnes and Schmidt",Transportation,<50,ON,Parkerport,2010-09-25
EMP18131472,"Hall, Gill and Reyes",Retail,<50,NS,Carlberg,2020-10-27
EMP86694395,Olson PLC,Healthcare,50-199,ON,East Brett,2007-11-06
EMP62212170,"Clark, Erickson and Fowler",Construction,200-999,QC,New Mikefort,2006-06-22
EMP69740806,"Mercado, Rios and Adkins",Education,200-999,ON,New Jennifer,2007-03-23
EMP61712892,"Duran, Richard and Brooks",Education,50-199,ON,Lake Lisaside,2008-06-07
EMP99712698,"Wang, Meyer and Smith",Retail,200-999,ON,South Chad,2021-12-12
EMP42923952,"Franklin, Turner and Martin",Hospitality,50-199,ON,Rubioshire,2005-05-20
EMP04946277,Barajas PLC,Manufacturing,200-999,ON,South Stephanieville,2017-01-30
EMP67537882,Gomez Group,Financial Services,50-199,QC,Port Aaronview,2006-08-19
EMP60553980,Santiago Inc,Construction,<50,BC,West Craigview,2017-10-25
EMP22857870,"Smith, Osborn and Johnson",Manufacturing,1000+,ON,New Amandaberg,2019-07-15
EMP13371321,Warner PLC,Financial Services,<50,QC,Lake James,2008-01-23
EMP11544478,Henderson-Robles,Healthcare,<50,QC,North Jasonfurt,2006-06-05
EMP56761914,"Davis, Morris and Goodwin",Construction,<50,ON,Marissafurt,2014-01-03
EMP64290297,Oliver PLC,Tech,50-199,ON,Adamhaven,2008-10-30
EMP07904412,Lam-Rodriguez,Public Sector,50-199,ON,East Ginaside,2013-01-15
EMP11442217,Ayala LLC,Public Sector,50-199,ON,New Daniel,2020-12-15
EMP29586262,Williams-Reynolds,Construction,200-999,QC,Williamsshire,2006-02-04
EMP12210954,"Tyler, Townsend and Allison",Retail,<50,PE,Lake Ryan,2018-11-10
EMP92486320,Nelson-Bernard,Healthcare,50-199,NT,Sullivanburgh,2005-08-26
EMP01764712,Cook-Perry,Education,<50,NB,East Kimberlychester,2018-11-27
EMP39682802,"King, Snyder and Terry",Education,200-999,QC,East Rogerville,2007-07-02
EMP50885306,Jefferson-Hogan,Tech,<50,ON,Benjaminshire,2010-03-09
EMP57611719,"Steele, Leonard and Jacobs",Hospitality,<50,ON,Ruizville,2021-08-28
EMP17940815,"Hayes, Hamilton and Flynn",Tech,50-199,ON,West Andrea,2020-07-15
EMP97081762,Bauer-Reyes,Manufacturing,200-999,ON,South Danielview,2020-05-26
EMP41923565,Wilson-Anderson,Manufacturing,200-999,ON,New Zachary,2021-07-08
EMP55838799,Wong and Sons,Public Sector,50-199,QC,Port Annamouth,2018-07-03
EMP72772625,Baird Group,Transportation,200-999,ON,South Jamesmouth,2008-09-09
EMP71374907,"Stanley, Brown and Powell",Public Sector,50-199,ON,Lake Carolynburgh,2007-09-25
EMP89193336,Maxwell Ltd,Construction,<50,BC,East Brendaburgh,2019-02-05
EMP64092054,Jones-Mooney,Financial Services,<50,ON,North Angelica,2015-09-10
EMP68025763,"Williamson, Davenport and Wright",Manufacturing,<50,AB,Vasquezfort,2022-02-23
EMP69487327,Murray PLC,Financial Services,<50,ON,South Renee,2009-08-25
EMP23262698,"Johnson, Anderson and Eaton",Manufacturing,50-199,QC,Jamesmouth,2021-02-12
EMP90429735,Nelson-Mcclure,Financial Services,50-199,ON,North Lisaview,2018-08-03
EMP64404388,"Hinton, Hawkins and Richards",Healthcare,50-199,QC,Michaelton,2010-01-15
EMP70834980,Hurst Ltd,Healthcare,50-199,ON,Blackwellmouth,2012-08-29
EMP37525827,Williams PLC,Public Sector,200-999,ON,East Gary,2014-06-15
EMP78225547,Oconnell-Ellis,Education,200-999,QC,Kellyshire,2012-04-12
EMP72724039,"Dawson, Avery and Clements",Healthcare,<50,ON,Changside,2014-02-15
EMP47163795,Kim PLC,Public Sector,<50,ON,Daychester,2017-04-05
EMP14140632,Arnold Inc,Financial Services,50-199,SK,West Faith,2009-03-24
EMP08880395,"Ramos, Porter and Weaver",Tech,50-199,ON,Harrisonmouth,2009-06-17
EMP11291969,Gillespie-Bell,Hospitality,<50,QC,Dawnfort,2010-08-11
EMP83812210,Cox-Pugh,Education,<50,QC,Carpentershire,2007-01-01
EMP11300900,Chambers Group,Public Sector,200-999,ON,West Jessica,2006-02-12
EMP01587507,Johnson Ltd,Construction,50-199,QC,Williamfurt,2008-06-25
EMP06483645,Hamilton Inc,Construction,<50,ON,East Victorshire,2020-01-29
EMP97447314,Brown Inc,Construction,50-199,BC,Stewartfurt,2016-07-13
EMP01477241,Mathis-Davis,Manufacturing,200-999,ON,Lake Caitlin,2017-09-05
EMP72786396,Allison PLC,Transportation,<50,ON,Carterburgh,2016-11-20
EMP68808723,Melton-Wood,Hospitality,200-999,ON,Marialand,2018-02-07
EMP72466912,Sullivan Group,Hospitality,<50,MB,New Micheletown,2010-07-04
EMP95223526,Murphy PLC,Hospitality,50-199,AB,North Stephaniefurt,2017-09-22
EMP46169136,"Romero, Hamilton and Woodward",Hospitality,50-199,NS,Elizabethville,2009-01-14
EMP66566074,Jones and Sons,Education,<50,BC,West Brandonburgh,2009-07-19
EMP04409234,Turner LLC,Manufacturing,1000+,BC,North Kenneth,2009-11-27
EMP87728845,Bryant Inc,Financial Services,50-199,QC,East Darrell,2011-10-14
EMP07945406,Hill-Thompson,Public Sector,1000+,MB,West Kelly,2012-12-28
EMP79949566,"Fitzgerald, Bradley and Barnes",Public Sector,<50,QC,Port Breanna,2017-01-23
EMP97104564,"Martin, George and Adams",Transportation,200-999,ON,South Jacquelineview,2020-04-02
EMP59345499,Roberson-Hayes,Transportation,1000+,QC,West Colleenside,2007-01-02
EMP54514210,Dixon-Sanchez,Healthcare,50-199,QC,Jennifermouth,2021-10-31
EMP50643757,Tran LLC,Education,<50,ON,Lake Abigailtown,2018-04-18
EMP70259119,"Walker, Wilson and Wagner",Tech,200-999,ON,Port Cindytown,2009-08-28
EMP91461336,"Walls, Garrett and Mann",Public Sector,50-199,ON,North Karlafurt,2013-02-21
EMP34271229,Sharp-Gonzalez,Transportation,1000+,AB,Lake Michaelbury,2006-03-16
EMP95174839,"Benson, Graves and Nguyen",Financial Services,50-199,ON,Danielsfurt,2013-10-21
EMP82723262,"Ritter, Knapp and Johnson",Healthcare,<50,AB,Angelamouth,2010-06-02
EMP65790915,Harris-Richardson,Financial Services,<50,QC,East Jessicaville,2020-03-09
EMP36784932,Bentley-Adams,Public Sector,200-999,BC,Lake Jasonland,2010-07-12
EMP35682394,"Cummings, Burns and Garcia",Transportation,1000+,ON,Gallagherstad,2009-05-01
EMP29499957,Lucas Inc,Education,<50,SK,Richardsonborough,2015-01-11
EMP92036505,Hayes-Matthews,Construction,200-999,QC,Velazquezchester,2013-03-10
EMP15564467,Mcguire Group,Retail,1000+,ON,Danielshire,2017-02-16
EMP83435141,"Sloan, Russo and Bennett",Construction,<50,ON,Port Kevinshire,2007-05-08
EMP58940217,Gilmore-Clark,Hospitality,<50,ON,Campbellfurt,2013-12-16
EMP95109311,Foley LLC,Construction,200-999,ON,Jasonburgh,2005-07-30
EMP26826000,"Brown, Walter and Patel",Financial Services,50-199,BC,Howardmouth,2018-08-17
EMP95800811,"Nguyen, Daniels and Owen",Public Sector,<50,NS,North Meganside,2022-02-09
EMP56246430,Yates-West,Healthcare,200-999,BC,Yatesport,2015-02-01
EMP48681051,"Baker, Salazar and Henson",Retail,50-199,QC,New Lauraside,2016-06-06
EMP59356182,"Marks, Ortiz and Bauer",Construction,1000+,QC,South Sonya,2009-08-08
EMP86171599,Barnett-Ortega,Manufacturing,200-999,AB,South Kyle,2021-04-17
EMP84539473,"White, Berry and Henderson",Tech,200-999,AB,Blairhaven,2021-12-16
EMP72701347,"Ayers, Petersen and Lopez",Education,50-199,ON,North Aaron,2016-11-04
EMP30345626,"Johnson, Moore and Lucero",Retail,<50,NS,Donnatown,2016-12-24
EMP67582701,Wagner-Long,Financial Services,50-199,ON,East Joshua,2020-04-06
EMP84666210,"Herrera, Bailey and Goodwin",Healthcare,<50,AB,Allenberg,2018-09-13
EMP82541401,Armstrong PLC,Financial Services,200-999,NB,Hardybury,2021-04-01
EMP18594269,Johnson and Sons,Education,<50,BC,Melissaland,2022-12-15
EMP50395950,Mason Ltd,Public Sector,50-199,ON,Port Tara,2013-10-11
EMP87791929,Smith-Green,Education,<50,QC,West Kathrynstad,2010-06-21
EMP15700806,"Ferguson, Jones and Hammond",Public Sector,<50,ON,West Jennifer,2022-03-03
EMP96446551,Huff LLC,Retail,<50,AB,Hickmanton,2022-04-18
EMP67707718,"Walls, Powell and Mcmahon",Healthcare,50-199,ON,Wallaceborough,2014-08-18
EMP54755399,"Duncan, Campos and Sims",Transportation,200-999,BC,Olsenbury,2021-11-28
EMP17039132,"Griffin, Castillo and Wilson",Public Sector,<50,MB,Washingtontown,2010-09-13
EMP74595702,"Blake, Carpenter and Martinez",Healthcare,200-999,ON,Kristiburgh,2016-10-03
EMP98631872,Kirk-Day,Manufacturing,200-999,ON,New Alexanderside,2019-10-30
EMP56491206,"Patel, Smith and Flynn",Manufacturing,<50,BC,Devinmouth,2014-12-04
EMP69514066,Davis Group,Education,200-999,QC,Lake Joelburgh,2015-04-29
EMP83304477,Campbell-Duarte,Education,50-199,ON,Gillbury,2011-04-26
EMP12530875,Weber-Wood,Retail,<50,ON,New Victoriaburgh,2014-05-23
EMP38048926,Carroll-Mccann,Construction,50-199,ON,Lake William,2016-01-06
EMP11386421,Jacobs-Davila,Retail,<50,BC,South Michael,2018-05-07
EMP21161052,Benton Group,Public Sector,200-999,QC,Chelseatown,2012-10-05
EMP41246455,"Garcia, Bryan and Hall",Financial Services,1000+,ON,North Nathan,2010-11-20
EMP22406633,"Smith, Sweeney and Petty",Retail,200-999,QC,Kingmouth,2018-06-25
EMP36714042,Robertson-Brown,Transportation,50-199,ON,Erinbury,2010-12-14
EMP34337803,"Orozco, Weiss and Pittman",Financial Services,50-199,ON,South Heather,2013-09-05
EMP85251065,"Moreno, Holmes and Strickland",Retail,1000+,BC,Robertburgh,2005-05-18
EMP73847107,"Li, White and Thomas",Healthcare,<50,ON,Lauraside,2021-10-12
EMP89309627,"Walker, Page and Taylor",Education,<50,QC,New Kristi,2012-08-28
EMP92775629,Robinson Ltd,Public Sector,50-199,SK,South Barbara,2021-09-07
EMP99703495,King-Jones,Hospitality,<50,QC,Lake Randall,2019-11-22
EMP51730910,Alexander PLC,Financial Services,<50,QC,New Jamesfort,2012-11-01
EMP04185304,Greene Group,Construction,<50,ON,Glassport,2009-05-08
EMP19240120,Robinson-Obrien,Hospitality,50-199,ON,Nicholasland,2006-12-17
EMP79927500,Lowery PLC,Financial Services,<50,ON,Angelaville,2010-01-06
EMP54097599,"Clay, Nicholson and Freeman",Tech,<50,BC,Williammouth,2020-02-05
EMP92857814,Park-Graves,Education,<50,AB,Port Jason,2016-06-14
EMP12488335,Jones-Gross,Manufacturing,50-199,ON,Meganchester,2011-10-18
EMP99217310,Reynolds-Fowler,Financial Services,200-999,ON,Michaelfort,2014-05-22
EMP43527641,"Boyle, Reyes and Gomez",Hospitality,<50,ON,Lindsayville,2017-01-01
EMP56325343,"Brown, Harris and Peters",Financial Services,200-999,QC,Leeborough,2016-10-15
EMP37446318,Moore-Lowe,Construction,200-999,QC,North Sarastad,2005-12-04
EMP05220943,"Nichols, Peterson and Carroll",Healthcare,<50,BC,Kaylastad,2019-05-14
EMP70545192,Price LLC,Public Sector,200-999,MB,East James,2014-03-04
EMP67312899,Barnett LLC,Retail,200-999,ON,Lake Angel,2010-02-22
EMP26174769,Andrews-Preston,Healthcare,50-199,BC,Port Kimberlyborough,2006-04-08
EMP43511585,"Mcdonald, Chen and Hayes",Tech,<50,QC,Port Shawnbury,2017-12-07
EMP71463009,King PLC,Financial Services,<50,ON,Port Kelsey,2016-06-07
EMP62209172,"Snow, Richardson and Branch",Financial Services,1000+,MB,Dustintown,2022-01-03
EMP32803221,Diaz Inc,Transportation,200-999,ON,East Jennifer,2012-12-10
EMP93439333,Bates-Brown,Tech,1000+,BC,Morenofort,2012-05-26
EMP30602227,Vargas-Cox,Transportation,1000+,BC,Port Tammytown,2017-09-17
EMP59390575,"Nichols, Yang and Zuniga",Financial Services,<50,MB,New Victormouth,2008-10-15
EMP93070778,Green and Sons,Construction,200-999,QC,East Rachaelville,2018-07-22
EMP48141778,Hood-Brown,Healthcare,50-199,ON,North William,2009-12-15
EMP73094099,House Inc,Public Sector,200-999,AB,Reeveschester,2015-09-22
EMP47002610,"Marshall, Bryant and Murphy",Hospitality,<50,BC,South Howard,2012-12-19
EMP67778658,Rice Group,Public Sector,<50,QC,Nicholasborough,2020-08-12
EMP30729480,Frederick PLC,Manufacturing,200-999,BC,New Ryanshire,2010-07-24
EMP64429384,Mata Inc,Education,200-999,ON,South Jonathanland,2011-06-17
EMP08128894,Reynolds-Burns,Construction,50-199,QC,Christianview,2013-09-09
EMP73750442,Collins Group,Transportation,<50,AB,North Elizabeth,2021-02-22
EMP35017365,Livingston Group,Financial Services,<50,ON,Bradleyborough,2008-10-27
EMP54489269,Ortega-Gould,Manufacturing,1000+,QC,Michaelmouth,2006-02-19
EMP07495811,Butler Group,Manufacturing,50-199,NS,North Sheilaborough,2011-04-21
EMP95512835,Morgan-Cummings,Financial Services,50-199,AB,Marissaville,2019-01-26
EMP32199135,Washington Group,Public Sector,50-199,MB,New Josephshire,2007-04-15
EMP37203518,Carter Inc,Hospitality,50-199,ON,North Christopher,2005-04-04
EMP00552206,"Brown, Brown and Blevins",Tech,50-199,NT,East Josephmouth,2019-03-29
EMP31392821,"Huerta, Rojas and Rubio",Transportation,50-199,ON,Leslieside,2013-07-15
EMP23153744,"Perez, Gillespie and Park",Public Sector,200-999,QC,Francisbury,2007-11-26
EMP41717974,"Ball, Farley and Myers",Tech,1000+,QC,Warrenchester,2017-10-15
EMP38247990,Jenkins-Lopez,Public Sector,1000+,AB,New Reginald,2021-05-12
EMP81596933,Gonzalez-Chavez,Tech,50-199,MB,Molinaberg,2012-04-24
EMP33647431,Thompson Inc,Financial Services,50-199,BC,Stevenside,2005-10-16
EMP58824760,"Salazar, Green and Nguyen",Retail,200-999,QC,Lake Katherine,2022-10-27
EMP50161356,"Dickson, Potter and Brown",Healthcare,200-999,QC,Morrisfort,2006-08-27
EMP40798748,Nolan-Knight,Healthcare,50-199,QC,Danielleton,2014-08-15
EMP41839385,Shah-Goodman,Manufacturing,200-999,QC,Josephview,2019-10-03
EMP42804352,Anderson-Johnson,Tech,200-999,ON,Jeffreyport,2007-12-06
EMP63116236,"Brown, Griffith and Hughes",Tech,200-999,QC,New Stephanie,2006-03-31
EMP33236597,Schmitt Group,Tech,200-999,AB,Lake Derekburgh,2020-01-19
EMP03252925,Ramos-Banks,Manufacturing,<50,BC,Davidview,2013-05-21
EMP19973074,Richardson and Sons,Retail,50-199,AB,North Crystal,2019-02-04
EMP96598400,Martinez Group,Healthcare,50-199,ON,South Christopherbury,2019-10-05
EMP45017705,Alvarez-Perez,Retail,<50,QC,East Kristenshire,2019-03-23
EMP07885696,Avery-Gomez,Retail,200-999,ON,Joanstad,2013-01-27
EMP47585800,Shelton-Bell,Financial Services,50-199,ON,New Shannon,2007-06-20
EMP05721876,Elliott Group,Healthcare,<50,QC,Geraldborough,2016-12-26
EMP44018377,Turner-Mitchell,Retail,200-999,ON,Port James,2011-06-24
EMP32604877,Rivera-Summers,Public Sector,200-999,ON,Davidchester,2007-03-27
EMP01221917,"Giles, Neal and Green",Financial Services,200-999,BC,Port Heather,2010-10-09
EMP56236260,"Fischer, Black and Richard",Manufacturing,50-199,QC,Lake Cheryl,2015-08-19
EMP07608097,"Pham, Ramos and Sims",Financial Services,200-999,ON,Susanfort,2012-07-02
EMP99372424,"Duncan, Pearson and Elliott",Hospitality,50-199,ON,Port Davidhaven,2008-08-19
EMP84037554,Sanders Group,Retail,50-199,QC,Thompsonberg,2012-04-25
EMP25686980,Gutierrez Ltd,Tech,<50,QC,Thompsonhaven,2017-11-06
EMP33017312,Bryant-Wallace,Education,50-199,QC,Martinport,2008-04-18
EMP21178469,"Walker, Mills and Peters",Tech,200-999,QC,Jordanport,2009-02-24
EMP80900470,Shaffer-Fuentes,Tech,50-199,ON,West Scottbury,2021-12-24
EMP22393211,"Reeves, Carpenter and Gilbert",Tech,50-199,MB,New Valerie,2013-04-09
EMP15448513,Dominguez-Obrien,Transportation,200-999,ON,Shannonburgh,2007-05-13
EMP38317406,"Lester, Pineda and Williams",Hospitality,200-999,QC,South Emilyfurt,2022-03-29
EMP28835560,Turner-Howard,Healthcare,<50,ON,Lake Shellyview,2015-11-08
EMP31605792,"Gonzalez, Williams and Figueroa",Construction,1000+,QC,Hoodfort,2005-10-19
EMP07009878,Diaz-Mcfarland,Construction,200-999,ON,Jasonport,2009-10-01
EMP00308058,Torres PLC,Construction,1000+,AB,Laurenhaven,2017-09-21
EMP72457427,Morrison-Gibson,Healthcare,1000+,ON,Braunside,2016-01-02
EMP84058941,"Berger, Gordon and Martin",Hospitality,1000+,QC,West Andrewshire,2019-07-06
EMP58902408,Morgan-Dean,Education,200-999,ON,Port Kim,2012-03-09
EMP16967284,"Cox, Randolph and Moore",Manufacturing,50-199,ON,East Jesse,2013-11-06
EMP03352443,Rubio Group,Retail,<50,ON,Vaughnside,2017-01-26
EMP63728301,"Hill, Villanueva and Mcintosh",Hospitality,50-199,QC,Ronaldberg,2010-07-14
EMP88265146,Holt Inc,Financial Services,200-999,QC,Alyssatown,2011-10-19
EMP98024150,"Ward, Hernandez and Bowman",Public Sector,50-199,NS,Lake Madison,2006-01-20
EMP10271920,"Wilson, Hernandez and Patterson",Transportation,200-999,BC,Burnsshire,2018-08-19
EMP37108537,Wong Group,Construction,<50,NT,East Abigailborough,2005-06-20
EMP83503519,Ramirez-Cook,Healthcare,50-199,ON,Johnsonmouth,2019-04-10
EMP92315135,Reyes Group,Financial Services,50-199,AB,New Keith,2007-12-30
EMP65276748,"Larsen, Ortiz and Duffy",Tech,50-199,QC,South Evanport,2017-07-01
EMP38225572,Crawford-Wilson,Retail,<50,QC,Tracytown,2008-08-31
EMP83595699,Jones PLC,Financial Services,<50,NL,North Stephaniemouth,2018-02-15
EMP44159431,Garcia LLC,Hospitality,200-999,BC,Normanberg,2006-12-05
EMP32951089,"Logan, Davis and Cobb",Retail,50-199,MB,Quinnmouth,2016-12-10
EMP71017780,Lopez-Gardner,Tech,<50,BC,Myersfurt,2012-12-26
EMP19971006,Kim LLC,Financial Services,<50,ON,West Teresa,2015-01-01
EMP86270887,Torres Ltd,Hospitality,50-199,BC,New Spencerside,2013-02-16
EMP85439619,Salazar-Brown,Financial Services,<50,QC,Donnafort,2022-07-23
EMP05164467,"Davis, Estrada and Harris",Retail,200-999,SK,Mathischester,2014-05-20
EMP39410265,Baker PLC,Construction,200-999,AB,New Joseph,2007-04-08
EMP34850044,George Inc,Construction,<50,ON,Maciasburgh,2015-07-13
EMP85753667,"Perez, Shepherd and Gomez",Public Sector,50-199,ON,Ronaldburgh,2007-07-12
EMP16277695,"Espinoza, Myers and Fleming",Hospitality,<50,ON,Millerborough,2009-01-14
EMP06711285,"Cruz, May and Smith",Healthcare,<50,QC,Karenbury,2015-10-07
EMP98563035,Burns-Hawkins,Manufacturing,200-999,ON,Anthonychester,2013-04-29
EMP12078835,Klein-Moreno,Financial Services,50-199,BC,Ortizview,2006-03-16
EMP95237488,"Ward, Thompson and Tate",Hospitality,200-999,QC,South Angela,2011-03-23
EMP07352330,"Green, Patton and Webb",Retail,<50,AB,Bellhaven,2005-10-19
EMP71311399,Martin Group,Healthcare,<50,ON,Munoztown,2012-08-23
EMP35929123,Jones Ltd,Construction,50-199,QC,West Adam,2020-06-13
EMP08838788,"Frank, Meyer and Case",Education,50-199,ON,East Jeromeside,2007-06-01
EMP51969914,"Morales, Harrison and Contreras",Transportation,1000+,MB,Morganmouth,2005-11-12
EMP10999865,Brock-Clark,Tech,<50,ON,West Ronaldstad,2018-04-06
EMP95627864,"Lopez, Webb and Fox",Healthcare,200-999,ON,Nguyenberg,2012-12-13
EMP10667948,Burton-Gray,Healthcare,200-999,ON,West Chasetown,2017-06-22
EMP72805969,"Anderson, Bridges and Scott",Tech,50-199,AB,Charleschester,2022-05-29
EMP05768464,Reed LLC,Construction,<50,ON,New Leahfort,2021-04-14
EMP81207238,Phillips-Steele,Tech,50-199,QC,South Shannonmouth,2016-02-22
EMP31029592,Silva-Chavez,Financial Services,<50,BC,Robersonview,2015-05-11
EMP31358376,Ellis-Browning,Retail,200-999,BC,Travisshire,2019-12-18
EMP29419909,Garcia PLC,Tech,50-199,ON,North Bradchester,2017-11-04
EMP98265666,Hill LLC,Transportation,1000+,ON,Lake Kristine,2018-07-18
EMP56500995,"Hammond, Oliver and Baker",Public Sector,50-199,QC,Hornshire,2007-11-06
EMP17133085,Tucker Group,Public Sector,50-199,ON,Port Beth,2012-06-03
EMP35045382,Boyd Inc,Transportation,200-999,BC,Port Ryan,2017-09-10
EMP15830941,Roberts-Hardy,Transportation,50-199,ON,South Christian,2014-03-14
EMP63925524,Robertson and Sons,Manufacturing,1000+,QC,Port Erinshire,2010-04-11
EMP16793256,Stewart PLC,Public Sector,<50,ON,West Daniellemouth,2017-05-24
EMP90222480,"Sanders, Johnson and Romero",Education,1000+,QC,North Leon,2008-01-18
EMP86661725,"Green, Lowe and Moore",Education,200-999,ON,Phelpsstad,2021-08-31
EMP66334070,Rodriguez Inc,Hospitality,200-999,BC,Lawrenceton,2012-08-07
EMP46093065,Jones-Taylor,Healthcare,50-199,ON,West Jennifer,2021-08-20
EMP67483516,Walker Group,Manufacturing,200-999,NB,Dawnborough,2006-05-21
EMP26889119,"Ortiz, Gordon and Baker",Transportation,<50,BC,New Gregory,2016-12-21
EMP30283071,"Robinson, Coleman and Harris",Tech,200-999,ON,South Carolynstad,2013-11-19
EMP30648321,Harris Group,Tech,<50,ON,Lake Samuelside,2014-01-14
EMP24048768,Phelps PLC,Construction,<50,ON,Port James,2006-01-18
EMP76818279,Ryan PLC,Construction,50-199,ON,Davidmouth,2019-02-10
EMP40349959,Taylor PLC,Manufacturing,<50,ON,West Tammy,2006-02-23
