ProviderID,ProviderName,ProviderType,Province,City
PRV03447626,Myers PLC,Physio/Chiro,AB,Lynntown
PRV94969908,Hubbard-Miles,Specialist Clinic,MB,Deannabury
PRV18820435,Perez-Nguyen,Specialist Clinic,ON,South Thomas
PRV00473312,"Hale, Obrien and Johnson",Dental Clinic,ON,Chandlerhaven
PRV22326376,"Shelton, Ellis and Rivera",Dental Clinic,QC,Anaside
PRV65929218,Lee and Sons,Dental Clinic,ON,Port Christopher
PRV80552565,"Mccall, Good and Rojas",Dental Clinic,AB,Mcdonaldton
PRV58263928,"Casey, Dean and Lambert",Physio/Chiro,ON,Port Joshua
PRV62722363,Collins LLC,Pharmacy,ON,Kennethview
PRV55123293,Benjamin and Sons,Specialist Clinic,ON,South Kelly
PRV46765982,Robbins-Watkins,Physio/Chiro,BC,North Aaron
PRV13897625,"Pruitt, Lewis and Moore",Pharmacy,MB,Hamptonburgh
PRV15109866,Duran Group,Specialist Clinic,ON,Kristinport
PRV25752382,"Davis, Roy and White",Specialist Clinic,ON,New Jessica
PRV97852053,"Smith, Taylor and Williams",Vision Provider,SK,West Renee
PRV19936446,Wells Ltd,Vision Provider,QC,Gibsonmouth
PRV48169801,Brown-Young,Specialist Clinic,ON,Cainstad
PRV69891576,Reed LLC,Physio/Chiro,ON,South Jennifer
PRV72449230,Garrett LLC,Specialist Clinic,NT,Lake Nancyland
PRV19827593,Martin PLC,Dental Clinic,BC,Bishopview
PRV93736386,Lee PLC,Physio/Chiro,ON,North David
PRV29741976,Hendrix Ltd,Pharmacy,ON,Lake Dianashire
PRV86220078,Lambert-Berry,Dental Clinic,ON,Tranburgh
PRV15147893,Vargas Inc,Dental Clinic,ON,South Carolynfort
PRV97331922,Jordan-Walsh,Dental Clinic,ON,North Cameron
PRV41861109,Perry-Logan,Pharmacy,ON,Lake Sean
PRV46125269,Cook-Aguilar,Dental Clinic,ON,Lake Sarafurt
PRV36980199,Ramirez LLC,Pharmacy,ON,Kennethchester
PRV35567380,"Waters, Castro and Murray",Vision Provider,QC,Lake Marvin
PRV09192309,"Gutierrez, Dixon and Michael",Physio/Chiro,QC,Stephaniestad
PRV31417043,Robinson-Williams,Physio/Chiro,AB,Franktown
PRV00531187,Cunningham Ltd,Dental Clinic,ON,South Jessica
PRV68067257,Ho Ltd,Vision Provider,MB,South Jody
PRV62670553,Kerr Group,Dental Clinic,MB,Joannville
PRV00784996,Jones-Peterson,Pharmacy,NS,Ericborough
PRV59699167,"Goodwin, Brock and Nelson",Pharmacy,ON,Tamaraview
PRV83843139,"Ruiz, Buchanan and Brewer",Specialist Clinic,ON,Dixonmouth
PRV77826384,"Gillespie, Evans and Scott",Specialist Clinic,QC,Davisburgh
PRV87797354,Harper-Boone,Vision Provider,ON,East David
PRV05431551,Allen PLC,Vision Provider,ON,Larsonchester
PRV61143903,Williams-Mcdonald,Physio/Chiro,ON,Macdonaldchester
PRV72979914,"Shepard, Contreras and Williams",Physio/Chiro,QC,Gonzalezfurt
PRV70467486,Hahn Inc,Dental Clinic,AB,Salazarport
PRV02901397,Martinez-Rice,Pharmacy,ON,North Benjaminmouth
PRV13925477,Wong-Gaines,Specialist Clinic,SK,New Nathanfurt
PRV81464663,Lawrence Ltd,Specialist Clinic,AB,Walkerport
PRV19882330,"Alvarez, Mendez and Aguilar",Pharmacy,ON,South Cynthiamouth
PRV13925539,Rhodes Ltd,Pharmacy,ON,Aprilfort
PRV08737490,Roberts-Griffith,Pharmacy,ON,Jimenezmouth
PRV05907948,Morris-Horton,Pharmacy,MB,West Richardhaven
PRV72860568,"Mcknight, Martin and Peck",Pharmacy,BC,North Danielfort
PRV74210690,Garcia and Sons,Physio/Chiro,BC,Rebeccaburgh
PRV75122628,Wells Ltd,Dental Clinic,BC,Audreymouth
PRV31044741,Zuniga-Stewart,Dental Clinic,ON,Yvonneshire
PRV25369358,Gonzalez-Hodge,Pharmacy,SK,South Veronicamouth
PRV25367110,"Morrow, Baldwin and Lopez",Vision Provider,SK,East Adamshire
PRV00794878,"Owen, Brown and Avery",Pharmacy,BC,East Michael
PRV71556716,"Henderson, Miranda and Wilson",Pharmacy,QC,Garrettborough
PRV81480181,Taylor-Hicks,Physio/Chiro,ON,Johnsonside
PRV79444335,Willis-Hartman,Vision Provider,ON,Katherinehaven
PRV89813753,Grant LLC,Pharmacy,ON,Lake Destiny
PRV31344522,"Perkins, Diaz and Rojas",Vision Provider,QC,Port Steven
PRV84265527,Haas Inc,Pharmacy,AB,Jasonton
PRV18443464,Drake Ltd,Physio/Chiro,NS,Natalieborough
PRV15218351,Cohen-Mccoy,Pharmacy,ON,East Mallory
PRV33193554,Kelly-Fowler,Specialist Clinic,ON,Port Jeffreystad
PRV55061434,Hutchinson-Johnson,Specialist Clinic,ON,South Sandrahaven
PRV07400565,Sellers-Noble,Vision Provider,NL,Jenniferville
PRV77898745,Stephens Group,Specialist Clinic,AB,Lake Nicole
PRV61655869,"Burns, Anderson and Chen",Dental Clinic,QC,Stantonport
PRV98212788,Beasley and Sons,Physio/Chiro,QC,Bateshaven
PRV66961536,"Young, Stephenson and Rodriguez",Dental Clinic,QC,North Brandy
PRV62202869,Giles and Sons,Pharmacy,ON,Hughesborough
PRV98130022,Barber Inc,Physio/Chiro,ON,Gardnermouth
PRV08566913,Reyes-Taylor,Vision Provider,ON,Annettechester
PRV35575259,Stephens LLC,Vision Provider,ON,North Susanshire
PRV55102048,Russell-Davies,Specialist Clinic,QC,Tylerburgh
PRV46876724,Hunt LLC,Physio/Chiro,ON,Frederickberg
PRV37491177,Herman PLC,Specialist Clinic,BC,Lawrencestad
PRV63034498,Brown-Robertson,Specialist Clinic,QC,Charlesborough
PRV70146621,Robbins-Wilkerson,Specialist Clinic,QC,South Kristen
PRV37995091,Johnson-Olson,Pharmacy,NS,South Megan
PRV29515039,Daniels LLC,Physio/Chiro,ON,Macktown
PRV28567509,"Sellers, Walton and Wyatt",Vision Provider,QC,Thompsonstad
PRV46563826,"Shelton, Hernandez and Johnson",Specialist Clinic,ON,West Elizabethburgh
PRV55030565,"West, Davis and Hill",Dental Clinic,BC,East Tyler
PRV73342884,"Nelson, Barrett and James",Pharmacy,QC,Schroederstad
PRV70123257,"Yoder, Rodriguez and Turner",Pharmacy,ON,North Johnville
PRV44028810,"Warner, Bennett and Barton",Pharmacy,ON,New Steven
PRV81587537,Hicks-Chavez,Vision Provider,BC,Hoganview
PRV68597027,Hayes Ltd,Dental Clinic,BC,West Phillipfort
PRV17325984,"Kemp, Elliott and Davis",Pharmacy,BC,Port Morganfort
PRV08866501,"Mckinney, Crane and Bell",Physio/Chiro,QC,East Beverly
PRV19053090,Norman-Gordon,Pharmacy,QC,East Brian
PRV87718546,"Santana, Ingram and Torres",Dental Clinic,QC,South Christinahaven
PRV32256229,Flowers-Gordon,Physio/Chiro,ON,Victoriachester
PRV58322575,Jones-Wilcox,Physio/Chiro,QC,Brayshire
PRV29530569,Davis-Simmons,Specialist Clinic,QC,New Jonathanchester
PRV21950146,Lopez-Hansen,Vision Provider,AB,Hessland
PRV23794431,"Fields, Weaver and Martinez",Specialist Clinic,QC,Jillfurt
PRV08082697,Marquez-Scott,Dental Clinic,QC,Nicoleview
PRV72564091,Finley Ltd,Vision Provider,NL,South David
PRV99076281,"Wilson, Flores and Palmer",Physio/Chiro,MB,Nicholsstad
PRV29711201,Ramirez PLC,Physio/Chiro,ON,East Thomasville
PRV50239983,"Martinez, Phillips and Mendoza",Pharmacy,MB,Jamieport
PRV55879597,Thompson-Preston,Dental Clinic,ON,Hodgeview
PRV76363627,"Wood, Crawford and Campbell",Dental Clinic,AB,Bradleymouth
PRV57278136,Allen-Martin,Vision Provider,ON,South Heather
PRV87429883,Hill and Sons,Vision Provider,QC,Paulville
PRV42981254,"Pena, Grant and Lopez",Dental Clinic,NL,North Miranda
PRV43689486,Fletcher Group,Physio/Chiro,ON,Reedfurt
PRV17367998,Peterson-Vazquez,Vision Provider,AB,Shannonport
PRV54492560,"Vargas, Thomas and Martin",Physio/Chiro,QC,East Jackie
PRV62260145,Wright Group,Pharmacy,ON,Ericstad
PRV13353058,Watson-Burns,Specialist Clinic,NS,Griffinmouth
PRV53412454,"Mckinney, Gonzalez and Silva",Physio/Chiro,QC,Duranhaven
PRV96055038,"Merritt, Myers and Campbell",Vision Provider,MB,Chadberg
PRV34203796,Irwin LLC,Physio/Chiro,MB,North Michaelport
PRV86640485,Garrett-Kent,Vision Provider,ON,Port Jesseland
PRV70223946,"Spencer, Bennett and Tate",Dental Clinic,ON,New Jeffrey
PRV64920762,"Washington, Chandler and Hernandez",Specialist Clinic,ON,Isaacstad
PRV81211776,Yu Group,Pharmacy,QC,New Ashleyfort
PRV80619675,Duncan-Le,Vision Provider,ON,Lawrencefort
PRV36818709,"Carroll, Rice and Smith",Specialist Clinic,ON,North Maria
PRV16116663,"Bell, Dean and Hahn",Physio/Chiro,AB,Christophermouth
PRV80836924,Wilson Group,Physio/Chiro,ON,West Jared
PRV88253530,"Scott, Black and Phillips",Dental Clinic,BC,East Mariah
PRV96410462,Moreno-Jackson,Pharmacy,QC,Ericmouth
PRV73051012,"Sloan, Miller and Barnes",Physio/Chiro,ON,Stevenbury
PRV59201323,Smith Ltd,Dental Clinic,ON,Williamstown
PRV93661244,"Flores, Alvarez and Howell",Dental Clinic,ON,South Jeffrey
PRV06336989,"Anderson, Johnson and Smith",Specialist Clinic,QC,Port Michael
PRV41233211,Smith Group,Pharmacy,ON,Aaronside
PRV64058432,Sims Ltd,Pharmacy,AB,West Josefort
PRV32993980,Cochran-Bishop,Pharmacy,AB,Gillchester
PRV46444625,Williams-Pope,Physio/Chiro,ON,Ernestland
PRV28000369,Wright-Arellano,Pharmacy,MB,Rhodesmouth
PRV41314707,Carter-Pineda,Vision Provider,NS,West Michelleport
PRV26876611,"Cox, Proctor and Graham",Pharmacy,ON,New David
PRV36673842,"Bailey, Jones and Kelly",Dental Clinic,NS,Torresport
PRV71477210,Brown-Walker,Pharmacy,ON,Lake Christophermouth
PRV08755310,Kidd-Lucas,Dental Clinic,BC,Port Joyce
PRV60175421,"Gates, Smith and Avery",Vision Provider,ON,Collinsside
PRV43512142,"Smith, Jefferson and Johnston",Dental Clinic,AB,Melissaberg
PRV25426334,"Ball, Martinez and Webster",Dental Clinic,AB,Saraborough
PRV14515060,"Palmer, Allen and Blair",Pharmacy,NB,North Valerieside
PRV13674137,Montgomery Inc,Dental Clinic,PE,Parkerland
PRV07306031,Ortiz-Sharp,Physio/Chiro,ON,Benitezberg
PRV50059048,Lin-Keith,Pharmacy,BC,New Mackenzie
PRV24872765,"Armstrong, Hill and Lopez",Specialist Clinic,ON,Perezbury
PRV49896311,"Meyers, Trevino and Manning",Dental Clinic,ON,Cowanside
PRV93120553,Davis-Mason,Physio/Chiro,ON,Hodgemouth
PRV74970275,"Howell, Morgan and Evans",Vision Provider,SK,East Paul
PRV73077640,Coleman Inc,Dental Clinic,BC,New Matthew
PRV76617785,"Anderson, Cruz and Calhoun",Physio/Chiro,ON,Johnsonstad
PRV74667807,"Griffin, Thompson and Davila",Specialist Clinic,NL,Jacksonmouth
PRV75574487,Burton-Velazquez,Vision Provider,AB,East Claytonchester
PRV28318222,Mendez PLC,Specialist Clinic,ON,Brittneyburgh
PRV41132195,Perry Inc,Vision Provider,QC,North Philipberg
PRV01821683,"Wheeler, Bryant and Johnson",Pharmacy,BC,Georgefurt
PRV74179915,Stewart-Morris,Specialist Clinic,BC,Hardyport
PRV60912956,Horton Inc,Pharmacy,QC,South Barbarahaven
PRV47060154,Chase-Gonzales,Physio/Chiro,QC,Laurashire
PRV17380225,Navarro LLC,Vision Provider,ON,Nancyburgh
PRV41591247,Mclaughlin-Perez,Specialist Clinic,QC,Wardshire
PRV12260643,Morris and Sons,Specialist Clinic,ON,New Sara
PRV88882813,Petersen PLC,Dental Clinic,ON,South John
PRV57553544,Dodson-Hunt,Vision Provider,ON,Loveborough
PRV56312411,"Luna, Tucker and Bryant",Dental Clinic,BC,North Madison
PRV92719237,Jordan-Horne,Vision Provider,QC,Whitneyfurt
PRV25700729,Gutierrez-Lawrence,Physio/Chiro,QC,West Wendy
PRV98983935,"Carpenter, Wise and Richardson",Dental Clinic,ON,Christopherview
PRV09593358,"Peters, Stewart and Cross",Vision Provider,NS,Kellyhaven
PRV57277803,Mosley-Bailey,Pharmacy,ON,Lake Nicoleshire
PRV04767798,"Stanley, Henderson and Hines",Physio/Chiro,ON,Jonesmouth
PRV58075951,Peterson-Gomez,Specialist Clinic,ON,Camachoport
PRV79006550,Scott-Thomas,Physio/Chiro,BC,Paulfort
PRV55833056,Ward-Baker,Physio/Chiro,QC,Lindseyborough
PRV27915601,Chang-Murphy,Dental Clinic,ON,Wendytown
PRV31318537,Perry-Nelson,Dental Clinic,MB,East Joshuaville
PRV05682577,Hubbard LLC,Dental Clinic,BC,Leonardhaven
PRV19231121,Myers-Burnett,Pharmacy,QC,Maryshire
PRV75356128,Hernandez Ltd,Pharmacy,QC,Lake Kimside
PRV09923252,"Allen, White and Lee",Physio/Chiro,NS,New Williamburgh
PRV73984500,"Potts, Lynch and Rodriguez",Physio/Chiro,NS,Port Sarah
PRV54308444,"Payne, Gould and Carter",Dental Clinic,BC,Davisfurt
PRV46751820,"Le, Swanson and Smith",Physio/Chiro,BC,North Susanchester
PRV07308398,"Gray, Odom and Horne",Specialist Clinic,MB,Lake Elizabeth
PRV06613417,Miller LLC,Dental Clinic,NS,Arnoldside
PRV29861014,Wilson Group,Physio/Chiro,ON,Port Vanessa
PRV71702587,Shepard Inc,Dental Clinic,YT,Ericshire
PRV50270777,Anderson-Tanner,Physio/Chiro,BC,Jeremymouth
PRV22135152,Smith-Smith,Vision Provider,QC,East Davidport
PRV53938101,Landry Inc,Dental Clinic,ON,South Christine
PRV49176339,Miller-Benitez,Pharmacy,ON,Graceburgh
PRV72940884,Fletcher-Peterson,Specialist Clinic,AB,South Jamesbury
PRV72832526,"Miller, Campbell and George",Pharmacy,BC,New Amanda
PRV74749275,Foster-Shelton,Vision Provider,ON,West Gavinland
PRV92189744,Raymond Ltd,Physio/Chiro,QC,Victorland
PRV67200364,Contreras-Porter,Dental Clinic,ON,Port Sarahside
PRV64277983,Larsen LLC,Vision Provider,QC,Paigetown
PRV73868201,Vaughn-Lee,Physio/Chiro,QC,Lake Ashley
PRV59684992,Garrett-Patel,Dental Clinic,QC,Kimland
PRV80543961,"Fitzpatrick, Webster and Padilla",Specialist Clinic,ON,East Andrea
PRV11302787,Blankenship PLC,Pharmacy,ON,Taylormouth
PRV46909734,Garza PLC,Vision Provider,ON,New Megantown
PRV41220543,"Fowler, Smith and Ryan",Dental Clinic,QC,South Todd
PRV19647326,Peters LLC,Dental Clinic,SK,Amytown
PRV76506642,Gamble LLC,Vision Provider,AB,Anthonyfort
PRV93274563,"Flores, Hansen and Nelson",Physio/Chiro,BC,North Frank
PRV11954379,"Fleming, Ramirez and Mcguire",Pharmacy,ON,West Matthew
PRV75488398,Gibbs LLC,Vision Provider,ON,Ashleyshire
PRV80127000,Owens PLC,Pharmacy,MB,Lake Katherineland
PRV19772675,Martin Group,Pharmacy,QC,Lake Angelaberg
PRV85369845,Wilkinson-Jenkins,Vision Provider,ON,Joemouth
PRV97529900,Maxwell Inc,Physio/Chiro,QC,Port Brittany
PRV13189181,"Carpenter, Stewart and Baker",Pharmacy,BC,New Alyssaland
PRV73048918,"Murphy, Charles and Cohen",Vision Provider,ON,Christopherhaven
PRV24197678,"Smith, Nelson and Paul",Physio/Chiro,ON,Amyborough
PRV12044060,Ruiz PLC,Specialist Clinic,QC,Craigfort
PRV77818586,"Norris, Mccann and Porter",Vision Provider,ON,Jameshaven
PRV60648608,Watson-Ortiz,Pharmacy,QC,South Cynthia
PRV02291826,Green-Cobb,Pharmacy,AB,Kyleshire
PRV03678853,"Beard, Hayes and Marquez",Specialist Clinic,YT,Joannfurt
PRV29694487,Molina-Sparks,Specialist Clinic,ON,Lake Matthewfurt
PRV25270890,"Dean, Porter and Martin",Dental Clinic,ON,Knappshire
PRV60335943,"Thomas, Castro and Owen",Pharmacy,QC,Frazierside
PRV08340259,Coleman PLC,Pharmacy,ON,South Jamie
PRV35832091,Hunter LLC,Specialist Clinic,MB,Lake Scott
PRV21737603,Valdez LLC,Specialist Clinic,BC,Karenfurt
PRV00420449,Williams Inc,Vision Provider,ON,New Michelleview
PRV63403509,"Smith, Lopez and Terry",Pharmacy,BC,West Crystal
PRV57283956,Jenkins-Jackson,Specialist Clinic,ON,South Wesleyside
PRV29104898,"Guzman, Torres and Stokes",Dental Clinic,QC,Stevenberg
PRV59441731,"Valdez, Ashley and Alexander",Pharmacy,SK,Port Heidiview
PRV36233576,Hunter and Sons,Pharmacy,ON,South Brendan
PRV13620366,"Hernandez, Livingston and Fuller",Physio/Chiro,ON,West Becky
PRV16175138,Brooks Ltd,Physio/Chiro,MB,Collinschester
PRV46709374,"Shannon, Smith and Rice",Pharmacy,QC,Wilsonport
PRV53818280,Brooks-Ray,Dental Clinic,ON,Pattersonville
PRV00525805,"Wright, Anderson and Johnston",Vision Provider,ON,Davidfort
PRV74960531,Morales-Brown,Dental Clinic,QC,Robinsonmouth
PRV92028584,Nicholson LLC,Pharmacy,QC,Ibarraberg
PRV13152933,"Thompson, Pitts and Gilbert",Dental Clinic,ON,Kathrynshire
PRV95142757,"Park, Boyer and Miller",Pharmacy,ON,Wilsonchester
PRV97325438,"Roth, Brown and Jackson",Pharmacy,ON,West Jessicastad
PRV93690374,Harris-Gordon,Physio/Chiro,QC,Paulshire
PRV74044811,Olson and Sons,Pharmacy,MB,Marcotown
PRV15968866,Stokes-Stevens,Pharmacy,BC,Brooksmouth
PRV29789318,Miller Group,Vision Provider,QC,West Lisaton
PRV49623632,Smith-Barnett,Dental Clinic,AB,Elizabethland
PRV26000704,Williams Ltd,Vision Provider,ON,North Nancy
PRV15004614,Joseph-Rogers,Pharmacy,ON,Zimmermanchester
PRV86739164,"Dickerson, Barr and Scott",Specialist Clinic,ON,East Mike
PRV09720650,"Keller, Smith and Thomas",Dental Clinic,ON,Port Meganville
PRV97422403,Hernandez-Ponce,Physio/Chiro,YT,Port Alyssafurt
PRV21133365,"Mills, Cook and Cervantes",Physio/Chiro,ON,East Monica
PRV19740974,"Charles, Mccall and Stevenson",Physio/Chiro,AB,Bradleyborough
PRV11222403,Perez Group,Vision Provider,ON,Port Brendaborough
PRV88069534,Green Group,Dental Clinic,QC,Hollandstad
PRV23964191,Baker-Ingram,Pharmacy,ON,Robinsonborough
PRV73213640,Mcdonald-Arnold,Specialist Clinic,ON,Muellerland
PRV21499914,"Kennedy, Wall and Chapman",Specialist Clinic,ON,West Jenniferburgh
PRV04573044,"Byrd, Blair and Smith",Pharmacy,BC,Gonzalesstad
PRV60647927,"Bray, Owens and Christensen",Physio/Chiro,QC,Kimberlystad
PRV19477637,Barnes-Wallace,Vision Provider,AB,Juliatown
PRV46641295,"Simpson, Fox and Alexander",Vision Provider,MB,North Lynn
PRV62742135,"Martin, Meyer and Jones",Specialist Clinic,QC,Janicechester
PRV22227441,Greene Inc,Specialist Clinic,NL,Johnsonview
PRV59743300,"Cannon, Hughes and Garcia",Pharmacy,ON,Port Andrew
PRV78969422,Stewart-Anderson,Physio/Chiro,ON,Randolphfurt
PRV27097371,Coffey-Erickson,Pharmacy,ON,Douglasland
PRV41107789,Miller-Hurley,Dental Clinic,QC,West Roberttown
PRV99077119,"Norman, Hancock and Humphrey",Vision Provider,QC,Scottville
PRV83030630,"Davila, Lewis and Mclean",Physio/Chiro,QC,Briannatown
PRV98990777,"Morrow, Warner and Fernandez",Dental Clinic,MB,East Shawnfort
PRV23906775,Smith-Glover,Physio/Chiro,ON,New Michael
PRV79712333,Marshall-Shaffer,Pharmacy,AB,Lake Emilyshire
PRV26176902,Compton-Morales,Dental Clinic,QC,Kristinborough
PRV84507293,Carson Ltd,Physio/Chiro,QC,Martinchester
PRV15449336,"Osborn, Collins and Becker",Vision Provider,ON,Andrewview
PRV18220357,Rivers Inc,Pharmacy,ON,West Anthonystad
PRV87381235,"Roberson, Robinson and Rivera",Dental Clinic,ON,Brownstad
PRV29236449,Fields Ltd,Physio/Chiro,BC,West Traceyborough
PRV41772831,James Group,Dental Clinic,QC,Lake Laurastad
PRV17247849,Kelly-Carter,Specialist Clinic,ON,North Elizabeth
PRV38207799,Nelson LLC,Pharmacy,BC,Gloverborough
PRV16760068,Good Inc,Specialist Clinic,BC,Lake Sarahborough
PRV10439959,Thompson-Ball,Dental Clinic,NS,South Dustinburgh
PRV29440114,Osborne-Carlson,Dental Clinic,QC,Lake Dustin
PRV11680594,Farmer Ltd,Pharmacy,BC,East Michele
PRV10941887,"Vargas, Mccormick and Wilson",Vision Provider,QC,North Thomasstad
PRV00215371,"Jones, Bond and Morales",Specialist Clinic,BC,Port Jose
PRV79165027,Potter LLC,Physio/Chiro,QC,South Sarahberg
PRV83128540,Aguilar and Sons,Pharmacy,ON,Johnton
PRV74585953,Wilkinson-Fry,Dental Clinic,NL,Alexismouth
PRV96726512,Tate LLC,Physio/Chiro,BC,Lake Jesse
PRV95712948,Mcdonald-Johnson,Pharmacy,QC,South Michael
PRV83971017,Johnson Ltd,Specialist Clinic,QC,Kaiserchester
PRV12413694,Smith-Gray,Pharmacy,BC,Derrickmouth
PRV75459050,Davies-Williamson,Vision Provider,ON,Port Christyside
PRV86064093,Howell Ltd,Specialist Clinic,ON,Garciashire
PRV06361844,Davis PLC,Dental Clinic,ON,East Albertside
PRV85056310,"Cook, Jordan and Wiggins",Pharmacy,ON,Thomaschester
PRV80583276,Stevenson and Sons,Specialist Clinic,ON,Stevensfort
PRV05033896,"Lynch, Cruz and Wilson",Pharmacy,BC,Johnview
PRV70074563,Green-Torres,Physio/Chiro,ON,Port Kennethburgh
PRV67261379,Perez-Martinez,Specialist Clinic,AB,Ericberg
PRV06567072,"Brooks, Daniels and Allen",Pharmacy,MB,Tonyamouth
PRV14065507,"Walls, Hamilton and Carter",Specialist Clinic,ON,Lake Gavinhaven
PRV02374897,"Carter, Brooks and Porter",Pharmacy,BC,Hansenborough
PRV07289006,Mills-Roberson,Physio/Chiro,QC,Hansenside
PRV19558259,Ward-Williams,Pharmacy,SK,Michaelview
PRV01131184,Lopez-Butler,Physio/Chiro,QC,Solomonshire
PRV34944904,Crane-Jones,Dental Clinic,ON,Jamesmouth
PRV75883822,Bonilla-Miller,Dental Clinic,ON,Christinaview
PRV90364825,"Thomas, Gonzalez and Jordan",Pharmacy,MB,Ericaberg
PRV12172635,"Massey, Silva and Berry",Pharmacy,ON,West Georgeton
PRV88079616,Mathews LLC,Physio/Chiro,AB,South Cynthia
PRV66456477,Brown-Kramer,Dental Clinic,ON,Georgeside
PRV36747137,Pittman PLC,Dental Clinic,QC,Floydstad
PRV86637302,Hammond-Patton,Dental Clinic,QC,Evanstown
PRV69487584,"Turner, Green and Liu",Pharmacy,ON,Hoffmanfort
PRV47654900,Fisher-Munoz,Pharmacy,ON,West Danielland
PRV40354226,"Woods, Guzman and Alvarez",Dental Clinic,ON,Michaelmouth
PRV97512426,Shaw-Gibson,Physio/Chiro,BC,Williamberg
PRV38247275,"Avila, Long and Carson",Vision Provider,BC,Franklinland
PRV64971592,Peters-Mayer,Physio/Chiro,ON,Choiton
PRV57255115,Simon-Stewart,Pharmacy,QC,Valerietown
PRV19573247,"Powell, Becker and Smith",Specialist Clinic,ON,Walkermouth
PRV32156522,"Strong, Anderson and Jenkins",Physio/Chiro,BC,Andersonhaven
PRV33293268,"Mann, Garcia and Shannon",Physio/Chiro,AB,Brandonfort
PRV46050152,"Wilson, Molina and Hart",Dental Clinic,MB,South Candace
PRV01753938,"Jackson, Armstrong and Floyd",Pharmacy,MB,Stephenland
PRV30121139,"Hall, Ward and Lloyd",Pharmacy,ON,New Angela
PRV22928695,"Ross, Page and Guerra",Pharmacy,ON,Watsonville
PRV52569010,Perez Group,Physio/Chiro,MB,Huangmouth
PRV70932975,Mendoza Ltd,Pharmacy,ON,Cooperberg
PRV87639799,Wallace and Sons,Dental Clinic,ON,Dixontown
PRV53991667,Peters PLC,Dental Clinic,ON,New Robertbury
PRV92960519,Anderson-Flores,Dental Clinic,BC,Millerbury
PRV79634918,"Garza, Atkins and Harris",Pharmacy,BC,Brooksmouth
PRV45601170,Richardson Group,Dental Clinic,NL,North James
PRV61794246,Reynolds-Miller,Physio/Chiro,ON,Port Christinaburgh
PRV76562295,"Schneider, Carroll and Long",Pharmacy,ON,North Bridget
PRV86456147,Snow Ltd,Physio/Chiro,ON,Staffordton
PRV00152412,Ellis and Sons,Specialist Clinic,AB,Shawview
PRV08415988,Campbell PLC,Specialist Clinic,ON,Haynesside
PRV43339189,"Wolfe, Garcia and Williams",Physio/Chiro,NS,Maymouth
PRV86808590,Collins PLC,Pharmacy,QC,New Matthewmouth
PRV95150058,Newman-Wright,Physio/Chiro,AB,Taylorburgh
PRV12350649,Norton Group,Specialist Clinic,AB,Thomasberg
PRV34098348,Hess-Vance,Pharmacy,QC,Port Andrea
PRV22272019,"Moore, Johnson and Nelson",Dental Clinic,BC,New Natalieborough
PRV89244505,"Winters, Richardson and Ramirez",Vision Provider,ON,West Elizabethland
PRV02268645,"White, Mills and Brown",Dental Clinic,AB,Lake Danielton
PRV51992116,Bernard-Griffin,Vision Provider,AB,Diazmouth
PRV01610073,"Clark, Bryan and Monroe",Dental Clinic,QC,Staceychester
PRV26154666,Montgomery and Sons,Dental Clinic,ON,Port Nicholasside
PRV21504686,Smith Ltd,Vision Provider,NB,East Leahville
PRV95426830,"Williams, Mckay and Davis",Physio/Chiro,NS,Smithside
PRV06610634,Yu-Adams,Physio/Chiro,QC,New Brenda
PRV27700561,Escobar PLC,Vision Provider,NL,Rodriguezview
PRV16416027,White Inc,Specialist Clinic,QC,Kristytown
PRV20925898,Moore PLC,Pharmacy,ON,East Victoria
PRV38031587,Jackson PLC,Specialist Clinic,QC,East Carl
PRV91774019,Bolton-May,Pharmacy,ON,East Stacy
PRV26942421,Wagner-Campbell,Dental Clinic,QC,Samanthatown
PRV83675515,Willis Group,Specialist Clinic,BC,North Amyberg
PRV71269381,Smith Inc,Pharmacy,ON,East Joshuabury
PRV59451559,Murray PLC,Specialist Clinic,ON,Jacquelinechester
PRV23692686,Harris-Davis,Dental Clinic,BC,Lake Danielhaven
PRV42201410,Steele-Lawson,Dental Clinic,AB,East Elizabeth
PRV60159701,Knight-Cox,Dental Clinic,NL,Matthewsport
PRV77398777,Simmons-Jones,Physio/Chiro,ON,Costashire
PRV17920329,"Parker, Scott and Hayes",Vision Provider,AB,Michaelmouth
PRV46977962,"Noble, Jones and Brown",Pharmacy,ON,Jocelynburgh
PRV73363095,Washington-Roman,Dental Clinic,ON,Davidton
PRV68667287,"Martin, Anthony and James",Pharmacy,BC,South Ryan
PRV11889188,Daniels LLC,Pharmacy,QC,North Carrie
PRV74540522,Rosales-Martin,Physio/Chiro,AB,Port Benjaminberg
PRV04088831,Smith and Sons,Physio/Chiro,ON,Keithtown
PRV56084804,Davis Group,Dental Clinic,ON,East Tonyafurt
PRV40795363,"Garcia, Park and Levy",Pharmacy,QC,Williamton
PRV37524850,Stein-Campbell,Physio/Chiro,ON,Port Elizabethborough
PRV87299939,Rosario and Sons,Pharmacy,ON,Muellerfurt
PRV88522959,Joyce-Ward,Pharmacy,ON,Hollowayport
PRV55045115,Campbell and Sons,Physio/Chiro,ON,Foxshire
PRV27441455,Preston and Sons,Pharmacy,BC,Port Heather
PRV20999261,Klein and Sons,Dental Clinic,ON,Lake Jamie
PRV90487840,Smith-Vega,Pharmacy,QC,Port Anthonyport
PRV01040147,Martin-Lyons,Vision Provider,QC,Hughesbury
PRV60953384,"Callahan, Brown and Moore",Pharmacy,QC,South Margaretborough
PRV24013230,Kennedy LLC,Vision Provider,QC,West Mark
PRV61290253,"Ross, Dominguez and Brown",Pharmacy,BC,Katherineshire
PRV31475967,Williams Group,Pharmacy,AB,Brandonburgh
PRV46585408,"Carter, Brown and Martinez",Vision Provider,ON,New Nathanfort
PRV47606422,"Mills, Wood and Soto",Pharmacy,AB,Tammymouth
PRV60680007,Edwards Inc,Pharmacy,ON,West Codyshire
PRV89040336,Mccarthy Ltd,Dental Clinic,QC,Sherriport
PRV98022236,Hill-Estrada,Physio/Chiro,QC,Zamoraside
PRV79721379,Wallace LLC,Pharmacy,ON,Vincentburgh
PRV31006560,Jacobs PLC,Vision Provider,ON,Kimberg
PRV41362625,Salazar Group,Pharmacy,ON,West Julie
PRV43159678,Jones Ltd,Pharmacy,ON,Davidshire
PRV07269848,"Perkins, Smith and Jones",Pharmacy,QC,Lawrencestad
PRV61299833,Thompson Inc,Dental Clinic,ON,Richardside
PRV80866497,Little-Miller,Vision Provider,AB,Rogerborough
PRV05807258,Jackson-Barnes,Dental Clinic,MB,North Jake
PRV40079294,Hill-Frank,Specialist Clinic,ON,Lake Corey
PRV05929636,"Taylor, Rivera and Norris",Dental Clinic,ON,New Kevinland
PRV40835707,White and Sons,Physio/Chiro,ON,South Marcochester
PRV35471141,Petersen-Cantu,Dental Clinic,MB,West Jennifer
PRV26863841,"Marsh, Jackson and Salazar",Vision Provider,ON,East Courtney
PRV75367215,Thomas Group,Dental Clinic,ON,Johnsonshire
PRV06425332,"Campbell, Graham and Gomez",Physio/Chiro,NL,Sarahmouth
PRV69628120,"Robinson, Weiss and Anderson",Specialist Clinic,QC,Lake William
PRV80512680,"Johnston, Green and Rodriguez",Physio/Chiro,ON,Lake Williamview
PRV12901430,Richards-Miller,Dental Clinic,MB,East Jason
PRV56160722,Martinez LLC,Vision Provider,SK,Davidport
PRV18562004,Taylor-Booth,Pharmacy,QC,New Jessicamouth
PRV37734366,"Garcia, Munoz and Ho",Dental Clinic,ON,Port Jill
PRV60393110,Valdez-Ward,Pharmacy,QC,West Michael
PRV70530878,Price PLC,Vision Provider,ON,Cruzhaven
PRV99756413,Ramirez Group,Pharmacy,QC,Marshallburgh
PRV40894484,Reeves-Wilson,Vision Provider,ON,Michellemouth
PRV65271267,Martinez-Watkins,Physio/Chiro,QC,Jennahaven
PRV97084051,"Bell, Boyer and Black",Pharmacy,BC,Hamiltonland
PRV44085945,Smith-Kim,Pharmacy,NB,West Christianport
PRV82919652,"Pruitt, Moore and Stevens",Vision Provider,AB,Smithhaven
PRV55984333,Shields-Gonzales,Pharmacy,ON,North Lindsey
PRV00724663,Saunders PLC,Dental Clinic,ON,South Thomas
PRV71415096,Harris-Long,Pharmacy,QC,Hendersonchester
PRV26351511,Baker Inc,Specialist Clinic,ON,North Heidi
PRV55204970,Patterson-Miller,Pharmacy,ON,Lake Caitlynbury
PRV94503731,Vaughn-Adams,Pharmacy,BC,Michaelmouth
PRV09809836,Collins Ltd,Dental Clinic,ON,North Howardside
PRV22723318,Richards-Morrison,Dental Clinic,ON,Blackburgh
PRV68512392,Jones Group,Specialist Clinic,QC,East Jenniferfort
PRV61964332,Johnson-Reyes,Physio/Chiro,NB,New Richard
PRV58275770,Brooks LLC,Vision Provider,BC,Port Brent
PRV09157500,Hill-Garcia,Vision Provider,ON,Johnsonmouth
PRV68359856,"Villegas, Robinson and Diaz",Pharmacy,QC,Annaside
PRV97463902,Mclaughlin LLC,Vision Provider,MB,Scottshire
PRV32578565,"Reynolds, Stewart and Martinez",Specialist Clinic,ON,Jacquelinehaven
PRV07059753,"Armstrong, May and Flores",Vision Provider,QC,South Olivia
PRV88315698,"Carter, Kim and Willis",Physio/Chiro,BC,Lake Karenfort
PRV22934335,Blackburn Ltd,Pharmacy,BC,Ryanton
PRV24317842,Goodman-Jones,Specialist Clinic,ON,Danielleshire
PRV65557000,"Payne, Baker and Barnes",Dental Clinic,MB,East Jennifer
PRV19766027,Harrison-Williams,Vision Provider,ON,Markville
PRV45707644,Howell PLC,Pharmacy,ON,Clarkton
PRV02281212,"Houston, Sellers and Matthews",Physio/Chiro,ON,Matthewshaven
PRV02773769,Miller-Thomas,Specialist Clinic,QC,Clarkton
PRV82573543,"Chan, Thomas and Salazar",Physio/Chiro,ON,Charlesland
PRV10786206,Torres-Phillips,Dental Clinic,AB,Sparksport
PRV15905938,Duncan LLC,Vision Provider,MB,Edwardsfort
PRV84366417,Winters Inc,Specialist Clinic,ON,Sheppardside
PRV21041324,"Heath, Johnson and Lawson",Physio/Chiro,AB,West Patriciaville
PRV74511960,"Stanley, Sandoval and Marks",Specialist Clinic,NL,West Jill
PRV50036671,"Rogers, Lewis and Warner",Vision Provider,ON,Lake Josephbury
PRV15876089,"Sampson, Durham and Gray",Specialist Clinic,BC,Ericshire
PRV53669157,"Robinson, Meadows and Powell",Pharmacy,NU,West Danielle
PRV38017142,Gonzalez-Guerra,Pharmacy,AB,Rushhaven
PRV60393596,"Torres, Perez and Brown",Specialist Clinic,QC,Port Danielle
PRV79685863,"Peterson, Robinson and Scott",Specialist Clinic,MB,New Barbara
PRV53324363,Olson Inc,Dental Clinic,BC,Blairside
PRV41339403,"Adams, Aguilar and Meyer",Dental Clinic,ON,Johnsonchester
PRV71133407,Beasley-Brooks,Pharmacy,ON,Wilsonland
PRV27524073,"Johnson, Fitzpatrick and Nguyen",Vision Provider,QC,Hessfort
PRV31332921,"Gates, Richardson and Ross",Specialist Clinic,ON,Patrickborough
PRV53470500,Gonzalez-Hernandez,Physio/Chiro,ON,North Jerome
PRV01399196,"Blackburn, King and Osborne",Dental Clinic,ON,North Gary
PRV57425761,Carter-Austin,Pharmacy,AB,Solomonfurt
PRV92830952,Cain-Barnes,Specialist Clinic,BC,Wendychester
PRV01191188,Pena-Ramirez,Pharmacy,ON,Carriehaven
PRV26553787,"Wells, Kaufman and Keller",Dental Clinic,ON,New Wayne
PRV91695938,Hinton-Thompson,Pharmacy,ON,New Kathy
PRV96753590,Costa and Sons,Vision Provider,ON,Rileyview
PRV24363613,"Patrick, White and Stevens",Pharmacy,QC,Meganland
PRV64763499,Jones-Lester,Dental Clinic,ON,Alexanderchester
PRV07406036,Thompson-Moon,Pharmacy,NS,Austinburgh
PRV84884160,Taylor-Phillips,Specialist Clinic,ON,Brandonview
PRV83774978,Clark-Cox,Pharmacy,ON,Amandastad
PRV04984025,"Hamilton, Silva and Mcguire",Pharmacy,AB,North David
PRV69032912,Smith-Calhoun,Dental Clinic,ON,New Samuelhaven
PRV21655943,"Fritz, Krause and Vincent",Pharmacy,ON,North Phillip
PRV38516725,Frazier-Meyer,Vision Provider,ON,Christinemouth
PRV51076735,Ross Inc,Vision Provider,BC,Colinport
PRV92610916,Gutierrez PLC,Pharmacy,ON,Sethhaven
PRV58568871,"Moses, Lawrence and Arnold",Specialist Clinic,AB,Goodwinbury
PRV14667111,Mccormick PLC,Pharmacy,QC,South Lawrencestad
PRV56183670,Ponce-Wong,Specialist Clinic,MB,Seanshire
PRV89913249,Alvarado and Sons,Dental Clinic,QC,Jacobstad
PRV77499886,Hayes Ltd,Pharmacy,AB,Hughesshire
PRV02731948,Moreno Ltd,Specialist Clinic,BC,Morganside
PRV23334283,Clark-Floyd,Specialist Clinic,QC,Alvarezmouth
PRV48400469,Obrien-Watkins,Vision Provider,BC,Wilsonchester
PRV15244300,"Frost, Jones and Palmer",Physio/Chiro,BC,Burnsfurt
PRV52300131,Brown and Sons,Vision Provider,ON,South Sherry
PRV23201961,Washington PLC,Physio/Chiro,BC,North Michaelfurt
PRV23987144,Ruiz LLC,Pharmacy,ON,Griffinport
PRV68352237,Clark and Sons,Pharmacy,QC,Port David
PRV46639080,Burton and Sons,Physio/Chiro,ON,Moorebury
PRV38638165,Moore Ltd,Physio/Chiro,ON,Sheashire
PRV29700044,"Goodman, Smith and Young",Specialist Clinic,ON,Guerraborough
PRV76047820,"Johnson, Lang and Patel",Pharmacy,ON,New Ian
PRV13430324,"Ramirez, Conley and Murray",Dental Clinic,ON,Faulknermouth
PRV07439711,"Lewis, King and Davidson",Dental Clinic,ON,New Antoniomouth
PRV05335501,Morales-Cole,Specialist Clinic,QC,New Tiffany
PRV79894888,"Riley, Mcintyre and Morton",Dental Clinic,ON,Lake Jennifer
PRV11459388,Warren Ltd,Specialist Clinic,NL,Jacksonmouth
PRV91227640,Gray Inc,Dental Clinic,AB,East Jennifer
PRV57425658,"Jones, Watts and Graham",Pharmacy,ON,West Clayton
PRV36822030,"Mcmillan, Nguyen and Morales",Vision Provider,ON,Port Thomas
PRV70659332,Moore-Rodriguez,Pharmacy,QC,North Royfurt
PRV52196163,Bass LLC,Vision Provider,ON,West Rebecca
PRV14703930,Rodriguez-Smith,Dental Clinic,QC,Owenston
PRV46960876,"Skinner, Moreno and Carr",Pharmacy,BC,Eddiebury
PRV87245467,"Haas, Lopez and Rhodes",Physio/Chiro,QC,Taylorbury
PRV15054292,Moore-Wallace,Specialist Clinic,ON,West Jameschester
PRV03704480,"Price, Bartlett and Lamb",Dental Clinic,BC,East Veronicashire
PRV05172506,Barber-Pope,Pharmacy,ON,New Tyler
PRV50200648,Ortiz LLC,Physio/Chiro,AB,Annatown
PRV27668777,"Miller, James and Garcia",Specialist Clinic,NS,South Sarah
PRV47876040,Oconnell and Sons,Specialist Clinic,ON,West Michelle
PRV13459743,Dixon Group,Specialist Clinic,AB,Cookberg
PRV72876268,Morris-Atkins,Pharmacy,AB,Johnsonstad
PRV01537492,"Barry, Ball and Sherman",Physio/Chiro,QC,Jasonview
PRV30227323,Simpson-Barrett,Specialist Clinic,ON,Butlerbury
PRV57908380,Williams PLC,Specialist Clinic,AB,Washingtontown
PRV69071979,"Curry, Holt and Robinson",Vision Provider,ON,Griffinborough
PRV83461308,Bass-Mcneil,Vision Provider,ON,South Hector
PRV24437958,Paul-Cannon,Specialist Clinic,QC,Lake Joelton
PRV19100283,Hutchinson and Sons,Dental Clinic,QC,Maynardmouth
PRV74142257,Miller-Miller,Pharmacy,ON,Lake Stephenfort
PRV52762886,Castillo-Lindsey,Specialist Clinic,NL,Hicksbury
PRV23413117,Moore LLC,Physio/Chiro,ON,Larsonchester
PRV14408966,Roberts and Sons,Dental Clinic,QC,West Carolport
PRV28747961,Strong Inc,Pharmacy,BC,Cochranmouth
PRV31381824,Coffey-Wood,Physio/Chiro,ON,Stephaniefort
PRV51130758,Hill-Simpson,Vision Provider,BC,Andrewside
PRV83804647,Hayes Inc,Vision Provider,BC,South Susanhaven
PRV84258982,"Simmons, Moreno and Mahoney",Dental Clinic,QC,Samanthaport
PRV25469538,Liu and Sons,Pharmacy,QC,Williamshire
PRV46154127,Allen-Adams,Dental Clinic,NS,Welchbury
PRV11004465,Scott PLC,Specialist Clinic,MB,South Vincentton
PRV59270833,Cordova and Sons,Dental Clinic,ON,Karenport
PRV15391498,Moore Group,Physio/Chiro,ON,Kristinamouth
PRV75828532,Smith PLC,Physio/Chiro,QC,Port Jonathan
PRV50723143,Dorsey Inc,Physio/Chiro,SK,Matthewside
PRV18730865,Matthews-Gonzalez,Physio/Chiro,AB,Lopezview
PRV60416956,"Harrell, Williams and Wong",Physio/Chiro,ON,Martinezbury
PRV69032747,Reed and Sons,Physio/Chiro,MB,Rodriguezberg
PRV49709903,Moreno Group,Dental Clinic,ON,North Jason
PRV98450563,Morton-Anderson,Pharmacy,ON,Cruzchester
PRV38423425,Savage-Johnson,Physio/Chiro,QC,Melissafurt
PRV87245674,Barton LLC,Pharmacy,ON,New Mariahborough
PRV36168748,Riggs-Martinez,Vision Provider,QC,Woodshaven
PRV55817650,"Vasquez, Johns and Jones",Pharmacy,ON,Riceborough
PRV72873404,Rivera-Saunders,Vision Provider,AB,West Kelly
PRV09628051,"Leonard, Harrington and Garza",Dental Clinic,NS,Port Timothyside
PRV02278775,King Group,Vision Provider,ON,Bradleyberg
PRV32955046,"Martin, Butler and Cisneros",Dental Clinic,QC,Davidtown
PRV46809847,"Case, Schmidt and Olson",Physio/Chiro,BC,South Pamelafort
PRV03168671,"Ryan, Glenn and Hernandez",Pharmacy,ON,Sarahshire
PRV91568955,"Lyons, Sanders and Hill",Physio/Chiro,AB,West Roberthaven
PRV45665410,Wiley Group,Dental Clinic,QC,Seanhaven
PRV43697859,Brown-Espinoza,Vision Provider,ON,North Stephen
PRV91659502,Brown LLC,Physio/Chiro,MB,New Rachaelchester
PRV12074696,Contreras Group,Specialist Clinic,QC,North Marciatown
PRV42757011,"Morris, Wilson and Harris",Physio/Chiro,ON,North Amychester
PRV65336994,Pace Inc,Physio/Chiro,ON,Grahamland
PRV60903791,Reynolds Group,Vision Provider,AB,Petersentown
PRV61045296,Barron-Orr,Dental Clinic,SK,Kathleenton
PRV44416744,Smith-Davis,Physio/Chiro,ON,Rickyborough
PRV96208662,"Garcia, Jackson and Russell",Pharmacy,ON,Singletonfurt
PRV14725922,Ponce LLC,Vision Provider,ON,Ianport
PRV29599403,Medina Ltd,Dental Clinic,BC,Jacobside
PRV53093695,Bolton Group,Pharmacy,ON,Williamsfurt
PRV60689020,Byrd-Jackson,Physio/Chiro,QC,Dudleymouth
PRV92546837,Gutierrez PLC,Pharmacy,ON,Lake Cynthiaberg
PRV21135785,"Mitchell, Hopkins and Paul",Pharmacy,QC,Lake Kevin
PRV41937699,Hall LLC,Pharmacy,QC,Curtistown
PRV76105772,Barnes and Sons,Specialist Clinic,QC,North Allisonview
PRV58039134,"Carter, Johnson and Douglas",Dental Clinic,ON,New Mary
PRV62723507,Alvarez-Riggs,Pharmacy,QC,Gomezberg
PRV68238044,"Ortiz, Willis and Robbins",Specialist Clinic,QC,Lake Allen
PRV44718819,Franklin-Moore,Specialist Clinic,QC,Loganbury
PRV20378682,"Moody, Brown and Wright",Dental Clinic,ON,New Jillville
PRV86112029,Taylor-Booth,Physio/Chiro,ON,New Tabitha
PRV26926429,"Banks, Cummings and Hess",Dental Clinic,QC,Port Justin
PRV64897833,Stephens-Mullins,Specialist Clinic,ON,South Ashleyfurt
PRV26865713,"Perry, Bennett and Romero",Pharmacy,QC,Mullinschester
PRV70917687,Blake LLC,Pharmacy,ON,Williamsmouth
PRV57359030,Bradley-Glover,Pharmacy,ON,Lake Robertville
PRV57054721,"Elliott, Lamb and Cooper",Physio/Chiro,BC,South Melissa
PRV04494160,Gonzales-Sparks,Dental Clinic,ON,Lake Christina
PRV36254929,Martinez-Allen,Vision Provider,ON,Kelseyville
PRV67107438,"Stout, Allen and Montes",Pharmacy,AB,West Kevin
PRV34798611,Fischer Inc,Physio/Chiro,QC,Loriburgh
PRV65169083,Hanson-Savage,Specialist Clinic,MB,Port Jacquelinemouth
PRV37219316,Taylor LLC,Dental Clinic,ON,Port Kelly
PRV27054959,"Cruz, Rodriguez and Robertson",Dental Clinic,MB,Coreymouth
PRV24819762,Davenport and Sons,Pharmacy,AB,Amyport
PRV88250315,Stevens-Richardson,Vision Provider,ON,New Leonbury
PRV55691229,Coleman-Gardner,Dental Clinic,QC,Watsonburgh
PRV00175923,"Ray, Mcdonald and Powell",Vision Provider,BC,West Ronald
PRV50981843,Mckinney Inc,Pharmacy,QC,West Rebeccaville
PRV95287166,Barker-Hawkins,Physio/Chiro,ON,East Sydneyborough
PRV24817893,"Grimes, James and Richards",Physio/Chiro,SK,Mcconnellfort
PRV29455564,Miranda and Sons,Dental Clinic,BC,Maureenchester
PRV34685647,Butler LLC,Pharmacy,NB,Stephensshire
PRV34027027,"Wilcox, Armstrong and Skinner",Vision Provider,AB,Jillshire
PRV84457414,Olson LLC,Pharmacy,AB,Diazshire
PRV26161961,Olson-Miller,Physio/Chiro,BC,West Courtneyfort
PRV95601846,Smith-Robertson,Specialist Clinic,QC,South Angela
PRV94380482,Coleman PLC,Dental Clinic,MB,Benitezshire
PRV34002827,Brandt and Sons,Pharmacy,QC,West Justinmouth
PRV47383784,"Davenport, Mejia and Hernandez",Pharmacy,ON,Richardtown
PRV61439979,Hoffman and Sons,Dental Clinic,QC,West Johnland
PRV97528118,Sims PLC,Specialist Clinic,ON,Bishopborough
PRV11550323,"Phillips, Reyes and Watson",Specialist Clinic,NS,New Hector
PRV16490794,"Richardson, Thornton and Brown",Pharmacy,QC,Morrisville
PRV64595594,"Scott, Torres and Lee",Specialist Clinic,QC,West Danielle
PRV16627038,"Smith, Adams and Marshall",Dental Clinic,ON,West Ericastad
PRV66619279,Ellis Group,Specialist Clinic,QC,Mikeshire
PRV26064069,"Brooks, Thompson and Daniels",Vision Provider,ON,Benjaminchester
PRV08859376,Diaz-Jones,Dental Clinic,BC,West Jessehaven
PRV58875956,Martin and Sons,Physio/Chiro,QC,New Dominicside
PRV13945832,Martinez PLC,Vision Provider,QC,New Stephanie
PRV02573428,Rosario-Johnson,Pharmacy,ON,Hillburgh
PRV51638286,"Davis, Gregory and Mosley",Pharmacy,QC,Valeriemouth
PRV17741461,Gonzalez-Morales,Physio/Chiro,QC,South Donaldshire
PRV37592742,Carr-Anderson,Dental Clinic,AB,Johnside
PRV96528011,Munoz Inc,Dental Clinic,MB,Tinafort
PRV61716782,Maldonado Ltd,Pharmacy,BC,North Douglasland
PRV07491514,English Inc,Vision Provider,ON,Port Alyssa
PRV07604464,Mack LLC,Pharmacy,ON,Caitlintown
PRV48588896,"Lopez, Wood and Avila",Pharmacy,SK,Reevesburgh
PRV55286874,Huffman PLC,Dental Clinic,PE,New Jeanmouth
PRV29785500,Mendoza Ltd,Dental Clinic,ON,New Catherine
PRV72076144,Campbell-Taylor,Physio/Chiro,BC,Port Dawntown
PRV06381807,"Miller, Robinson and Hernandez",Dental Clinic,QC,Kruegerfort
PRV74213671,Shepherd-Smith,Physio/Chiro,ON,Morenoside
PRV05597556,"Lawson, Phillips and Young",Pharmacy,YT,Port Josephburgh
PRV46188444,Davis-Hood,Physio/Chiro,SK,Port Donna
PRV81366215,Hart-Castro,Pharmacy,NL,Hillfort
PRV67003501,Benson-Richardson,Specialist Clinic,ON,South Amandahaven
PRV42708149,Moody PLC,Dental Clinic,QC,Ronaldburgh
PRV69070637,"Robinson, Blackwell and Harper",Specialist Clinic,MB,Lisaside
PRV18455037,"Mann, Garcia and Hamilton",Pharmacy,BC,Jilltown
PRV99524433,"Davis, Stark and Jones",Dental Clinic,QC,Marksberg
PRV83076369,"Guerrero, Williamson and Wolfe",Physio/Chiro,QC,West Johntown
PRV97505887,Parker-Johnson,Pharmacy,ON,East Lisa
PRV95143874,Vasquez and Sons,Pharmacy,QC,Brittanychester
PRV31032296,"Jenkins, Wilson and Salazar",Vision Provider,AB,Evanshaven
PRV51865458,"Smith, Garcia and Rhodes",Vision Provider,ON,South Edgarmouth
PRV74693961,Pearson-Martin,Physio/Chiro,ON,North Dylanfurt
PRV96329806,Adams LLC,Specialist Clinic,QC,New Robert
PRV12525458,"Garcia, Steele and Turner",Pharmacy,QC,Jamieside
PRV17204314,Walters-King,Dental Clinic,ON,North Brent
PRV85710378,Williams-Cruz,Vision Provider,ON,Joseside
PRV14372484,Wade Group,Pharmacy,BC,Valeriestad
PRV76529299,Nelson LLC,Dental Clinic,ON,Port Jessicafort
PRV58770100,Jones LLC,Dental Clinic,QC,Danielland
PRV81092895,Murphy-Jackson,Pharmacy,QC,East Joshua
PRV99113571,Butler Inc,Pharmacy,QC,Port Kayla
PRV13293801,"Jones, Walker and Middleton",Pharmacy,QC,East Erinport
PRV82051045,Moss and Sons,Physio/Chiro,BC,Davilaburgh
PRV55023252,Pierce-Bolton,Vision Provider,QC,West Robert
PRV69634573,Garcia Inc,Specialist Clinic,QC,Lake Veronicamouth
PRV07616067,Thomas-Chen,Dental Clinic,QC,Port Mariashire
PRV07127399,Bowen-Young,Dental Clinic,QC,Castilloland
PRV91115472,Larsen and Sons,Physio/Chiro,QC,Doylebury
PRV16663596,"Smith, Ibarra and Anderson",Dental Clinic,QC,South Carla
PRV94074013,Johnson Group,Pharmacy,QC,Trevorside
PRV16630093,Lee-Schroeder,Physio/Chiro,ON,New Jeffrey
PRV17819727,Glover Inc,Vision Provider,BC,Lake Rachel
PRV46127802,Morales-Fitzpatrick,Dental Clinic,ON,South Jamesberg
PRV69673077,"Lee, Owens and Porter",Physio/Chiro,MB,Goodmantown
PRV45242416,Wilson-Jones,Physio/Chiro,QC,West Melissa
PRV27582226,"Ortiz, Gilbert and Johnson",Specialist Clinic,ON,Williammouth
PRV16861453,"Marshall, Williams and Keller",Pharmacy,BC,Taylorchester
PRV47833245,"Thomas, Moore and Williams",Vision Provider,ON,Monroetown
PRV72200026,Salazar-Thompson,Vision Provider,SK,East Courtney
PRV79548168,"Edwards, Gilbert and Allen",Pharmacy,SK,Richardsonville
PRV52692502,Martinez-Bell,Physio/Chiro,AB,Michelleberg
PRV74131791,Johnson and Sons,Physio/Chiro,QC,New Janiceville
PRV28877838,"Love, Sims and Meyers",Pharmacy,SK,West Adammouth
PRV82057813,Clark and Sons,Pharmacy,BC,Keithburgh
PRV70720278,Wilson and Sons,Pharmacy,MB,New Andrewton
PRV04267932,Rodriguez-Patterson,Vision Provider,ON,South Tami
PRV37409191,Arnold-Larsen,Dental Clinic,MB,Jacobborough
PRV53643492,Lloyd-Blake,Pharmacy,BC,East Davidville
PRV20766078,"Avila, Johnson and Martinez",Dental Clinic,ON,Hursthaven
PRV99274536,"Burgess, Mason and George",Physio/Chiro,YT,Morrisside
PRV96991984,"Reynolds, Allen and Sanders",Physio/Chiro,BC,Tonymouth
PRV66781025,Miller-Morales,Pharmacy,MB,Port Victoriaside
PRV86174372,"York, Watts and Kelly",Physio/Chiro,ON,Michelletown
PRV61356928,Waters-Chen,Pharmacy,QC,Rachelborough
PRV83126767,Reynolds-Key,Pharmacy,BC,Lake Natalie
PRV15838197,"Wells, Moreno and Lyons",Vision Provider,ON,Harrisonbury
PRV66931916,"Riley, Watson and Reed",Dental Clinic,BC,Garnerside
PRV29945449,Rogers Ltd,Vision Provider,BC,Cassieport
PRV29696844,"Wade, Price and Jones",Physio/Chiro,ON,North Briana
PRV22039963,Edwards Ltd,Specialist Clinic,BC,Michaelshire
PRV57098909,Acevedo and Sons,Pharmacy,ON,East Shannon
PRV65143932,White Inc,Pharmacy,AB,Smithbury
PRV91993675,"Gordon, Campbell and Davidson",Dental Clinic,MB,Wilsonstad
PRV61555986,"Suarez, Jenkins and Brown",Specialist Clinic,QC,Santosfurt
PRV44052879,"Rodriguez, Gross and Villarreal",Physio/Chiro,QC,Birdshire
PRV94464274,Cook Ltd,Physio/Chiro,ON,Jasminechester
PRV92459503,Smith PLC,Vision Provider,ON,Erinstad
PRV82317137,Huang-Jones,Pharmacy,MB,Kevinhaven
PRV82314932,"Phillips, Rowland and Reilly",Physio/Chiro,ON,Port John
PRV38567755,Duran LLC,Vision Provider,ON,East Robert
PRV51480853,"Alvarado, James and Gaines",Dental Clinic,ON,Lake Marcuschester
PRV17051918,King PLC,Specialist Clinic,BC,Sarahborough
PRV50782977,"Erickson, Lewis and Newton",Specialist Clinic,AB,East Brianton
PRV31485673,"Rodriguez, Gould and Hunt",Specialist Clinic,ON,Port Angelafort
PRV08655876,Hays-Luna,Vision Provider,ON,Garybury
PRV72792565,Wang-Jackson,Pharmacy,ON,Brownshire
PRV94218654,Cole Inc,Physio/Chiro,ON,Thompsonchester
PRV49698752,Coleman Ltd,Dental Clinic,ON,Reevesmouth
PRV67509834,Pearson Group,Vision Provider,BC,Kristenmouth
PRV19234269,"Edwards, Cochran and Peterson",Dental Clinic,QC,South Jacobmouth
PRV85182935,Medina-Rodriguez,Specialist Clinic,ON,Lake Kimberlyberg
PRV44154849,Mason-Mendoza,Pharmacy,QC,Brandonstad
PRV23070296,"Flores, Burton and Morgan",Dental Clinic,AB,Christineside
PRV58786413,"Nelson, Contreras and Parker",Dental Clinic,ON,Port Elizabethborough
PRV72610328,Sullivan-Perry,Physio/Chiro,ON,Jacksonview
PRV34439712,"Green, Garcia and Hall",Dental Clinic,BC,Jefferyton
PRV02694004,"Powell, Mcgrath and Parker",Dental Clinic,ON,South Timothy
PRV25125232,Davidson-Hodges,Dental Clinic,AB,North Jesus
PRV03388424,"Howell, Brown and Walker",Pharmacy,AB,Lake William
PRV63794118,Park PLC,Specialist Clinic,MB,West Nicholasshire
PRV43694380,Hoffman-Ibarra,Pharmacy,ON,South Peter
PRV85026716,Dunn-Moss,Pharmacy,ON,North Ashleyville
PRV96716713,"Rhodes, Luna and Burgess",Dental Clinic,MB,West Amber
PRV89175558,Buck Group,Dental Clinic,QC,Barrybury
PRV45658296,Huber-Hester,Pharmacy,ON,Taylorport
PRV93409820,Stephens and Sons,Dental Clinic,QC,Meganmouth
PRV66519478,Smith Ltd,Dental Clinic,ON,New Philip
PRV50868698,"Oliver, Clark and Cline",Dental Clinic,QC,Jenniferville
PRV21172474,Dixon-Bell,Pharmacy,SK,North Lauren
PRV03037561,Smith LLC,Vision Provider,BC,Port Marcus
PRV74261441,Grimes-Alvarez,Dental Clinic,QC,West Lori
PRV93049669,Owen-Chaney,Physio/Chiro,NS,Rickymouth
PRV05368019,Howard Inc,Physio/Chiro,BC,East Michaelhaven
PRV43130210,"Ortiz, Clark and Lozano",Specialist Clinic,ON,Caitlynton
PRV97922251,Johnson-Ray,Dental Clinic,BC,North Mike
PRV29372968,Wallace-King,Vision Provider,ON,Annettehaven
PRV59340173,Smith Inc,Specialist Clinic,ON,Davisburgh
PRV12370071,Nguyen-Mccormick,Specialist Clinic,QC,Lake Christyhaven
PRV46517021,"Alexander, Ritter and Hill",Vision Provider,ON,Meganberg
PRV56613132,"Roberts, Miller and Thompson",Dental Clinic,ON,West Shannon
PRV77820089,"Brown, Valdez and Odom",Specialist Clinic,QC,North Stephanie
PRV28513271,"Williams, Hale and Butler",Vision Provider,ON,Wesleybury
PRV17328958,Bell-Pham,Dental Clinic,QC,Port Tracy
PRV85800817,Monroe PLC,Dental Clinic,ON,Lindaberg
PRV47603798,"Davidson, Fitzpatrick and Herrera",Specialist Clinic,BC,Castroville
PRV89853574,Solomon Ltd,Dental Clinic,MB,South Bradleymouth
PRV87298512,Romero-Harrington,Vision Provider,ON,Port Scottborough
PRV80462850,Clark PLC,Pharmacy,AB,Aprilfurt
PRV33293552,Vargas Ltd,Vision Provider,ON,Murphyburgh
PRV53045176,Owens-Boyd,Dental Clinic,ON,Thompsonbury
PRV35361600,Lewis-Randall,Vision Provider,ON,Wisemouth
PRV21412087,Cook Group,Pharmacy,ON,Calebshire
PRV21868131,Myers-Mccormick,Specialist Clinic,ON,Alexisburgh
PRV41059678,Blake Group,Dental Clinic,BC,Port Matthew
PRV91268773,Wade-Mueller,Dental Clinic,AB,North Gary
PRV30319038,Juarez-Floyd,Dental Clinic,NT,Lake Morganberg
PRV93458753,Boone LLC,Dental Clinic,SK,South Michaelview
PRV36807410,Vance Ltd,Specialist Clinic,QC,West Erik
PRV32128726,Koch LLC,Dental Clinic,ON,West Gregoryborough
PRV47203950,"Rice, Ward and Morrison",Dental Clinic,ON,Markbury
PRV98571594,"Houston, Torres and Cook",Vision Provider,QC,Michelemouth
PRV07776117,"Skinner, Brown and Campbell",Pharmacy,AB,Nathanielchester
PRV80553698,Price Group,Pharmacy,ON,Mitchellburgh
PRV14928452,Johnson Inc,Physio/Chiro,ON,Rogerhaven
PRV95540732,Hamilton-Carter,Pharmacy,QC,South Margaretland
PRV71647072,Johnson-Shelton,Vision Provider,MB,Joshuastad
PRV83040275,Krueger and Sons,Physio/Chiro,QC,Reedfurt
PRV78450270,"King, Davis and Wallace",Pharmacy,BC,Tamarafort
PRV31856620,Hayden and Sons,Physio/Chiro,QC,New Javier
PRV31337319,Miller Ltd,Specialist Clinic,ON,North Erika
PRV02308371,Krause-Gutierrez,Pharmacy,QC,Brewerton
PRV51248370,"Burns, Soto and Thompson",Vision Provider,BC,Mclaughlinport
PRV26456068,Williams-Robinson,Pharmacy,BC,East Hollychester
PRV72397994,Solis-Tanner,Physio/Chiro,QC,West Abigail
PRV12282381,Medina Inc,Vision Provider,ON,Lake Joseshire
PRV65945897,"Hanson, Morgan and Cantu",Dental Clinic,ON,Kaylatown
PRV68972625,Hall-Phillips,Pharmacy,ON,Scottberg
PRV49598817,Benson LLC,Dental Clinic,ON,East Kimberly
PRV25429850,Smith-Obrien,Vision Provider,ON,Lewiston
PRV12940595,Pierce-Walter,Physio/Chiro,BC,Taylorborough
PRV41819213,Mcpherson Inc,Pharmacy,AB,West William
PRV00168263,Moore LLC,Dental Clinic,BC,East Timothyfurt
PRV43855861,Knapp-Marquez,Specialist Clinic,BC,Francesmouth
PRV13064048,Cabrera-Ware,Pharmacy,PE,South Deborah
PRV99969964,Travis and Sons,Pharmacy,NS,Russofurt
PRV94115012,Soto-Castillo,Dental Clinic,ON,Port Keith
PRV54559246,Patterson Inc,Physio/Chiro,ON,Lawrenceburgh
PRV21032126,Lopez PLC,Pharmacy,ON,Cesarland
PRV85071054,Hickman Inc,Specialist Clinic,MB,Anthonystad
PRV39005480,Lee Group,Physio/Chiro,ON,Savagetown
PRV41047185,Rogers-Merritt,Dental Clinic,ON,Lauraberg
PRV49327188,Hutchinson Inc,Physio/Chiro,QC,Williamburgh
PRV94681346,"Johnson, Cruz and Shelton",Pharmacy,QC,Jacksonview
PRV69411846,"Williams, Jones and Boyd",Dental Clinic,QC,Port Raven
PRV58217481,"Lawson, Wood and Willis",Physio/Chiro,AB,Lake Sherryport
PRV29808018,"Park, Garner and Elliott",Dental Clinic,QC,Nortonbury
PRV13150236,Turner Ltd,Specialist Clinic,AB,Port Marybury
PRV41443533,"Ho, Mccarthy and Brown",Physio/Chiro,ON,New Michael
PRV72316761,Cervantes LLC,Dental Clinic,AB,Port Gailchester
PRV42734477,Newman-Ellis,Specialist Clinic,QC,Matthewport
PRV84885698,"Richardson, Arnold and Martin",Physio/Chiro,ON,Port Sandy
PRV27413997,Clark Inc,Dental Clinic,NB,Padillaton
PRV95712196,Stout Inc,Pharmacy,SK,North Scott
PRV94465335,Miller LLC,Specialist Clinic,AB,Lewisland
PRV01011008,Cohen-Smith,Pharmacy,MB,South Ellenbury
PRV15092767,Sweeney-Hill,Pharmacy,ON,West Jackchester
PRV65783997,Wheeler-Brown,Pharmacy,ON,Lake Amberchester
PRV91569180,Jackson PLC,Pharmacy,ON,Campbellview
PRV36289120,"Edwards, Webb and Fitzgerald",Dental Clinic,MB,North David
PRV78611047,Hill Inc,Physio/Chiro,AB,New Gerald
PRV18256543,Robinson-Williamson,Specialist Clinic,NL,Alexisside
PRV42278833,"Day, White and Zhang",Vision Provider,AB,Lake Andreamouth
PRV02527042,Pollard-Miller,Dental Clinic,QC,Jillianfurt
PRV40478246,Smith and Sons,Pharmacy,ON,Lake Jenniferbury
PRV45386973,Johnson-Terry,Dental Clinic,ON,Cheyenneshire
PRV30673082,"Solis, Fields and Morrison",Pharmacy,QC,South Mike
PRV50086014,"Anderson, Kerr and Olson",Physio/Chiro,BC,Williamstown
PRV64866268,Medina-Miller,Pharmacy,ON,East Kevin
PRV07847318,Morales-Freeman,Specialist Clinic,SK,Rhondabury
PRV37336380,"Willis, Cox and Davidson",Pharmacy,BC,Cummingsshire
PRV00203071,"Neal, Green and Evans",Physio/Chiro,ON,Schultzburgh
PRV98677856,Kemp PLC,Specialist Clinic,MB,West Williamtown
PRV46319672,"Ramirez, Montgomery and Diaz",Physio/Chiro,QC,Crystalbury
PRV75099842,Wise PLC,Specialist Clinic,BC,Barnesville
PRV07816070,"Ward, Perez and Moore",Vision Provider,ON,Lynchside
PRV91468390,"Castillo, Bridges and Christian",Physio/Chiro,ON,West Chloe
PRV49254375,"Jones, Nelson and Smith",Pharmacy,ON,Hollowayhaven
PRV75947688,Morales Group,Pharmacy,QC,New Samanthaside
PRV23344088,"Freeman, Medina and Clark",Specialist Clinic,BC,North Victor
PRV63823995,Garcia-Mitchell,Dental Clinic,NB,Danielleside
PRV11926349,"Kelly, Sawyer and Mcdonald",Specialist Clinic,MB,Mullenmouth
PRV54425504,"Gonzalez, Clark and Roman",Pharmacy,ON,New John
PRV60986058,Watts and Sons,Vision Provider,NL,Lake Keithmouth
PRV07802797,Mcneil-Collins,Pharmacy,ON,Lake Nicholaschester
PRV56557020,Hunter Inc,Specialist Clinic,ON,East Brent
PRV77012254,Yang-Kirk,Dental Clinic,BC,Turnerbury
PRV31676898,"Ferguson, Lewis and Blevins",Pharmacy,MB,West Christopher
PRV60347863,King-Adams,Specialist Clinic,NS,Jamesmouth
PRV76756332,Lewis-Rodriguez,Pharmacy,AB,New Melissastad
PRV26310845,Mendoza Inc,Pharmacy,ON,Changport
PRV91976472,Carter Ltd,Specialist Clinic,ON,West Emilybury
PRV39279528,Hamilton PLC,Vision Provider,ON,Rossville
PRV85144141,Olson Group,Dental Clinic,QC,West Michael
PRV64747714,Jimenez Ltd,Physio/Chiro,QC,New Gail
PRV75281973,Schwartz-Ward,Pharmacy,ON,Valdeztown
PRV19588063,Thomas-Dixon,Dental Clinic,QC,Port Zoe
PRV92065524,Vaughan LLC,Physio/Chiro,QC,Parkerside
PRV97938398,Delacruz Inc,Dental Clinic,BC,West Cathyport
PRV19675291,Mann Inc,Pharmacy,ON,Lake Kiara
PRV82742239,"Collins, Hall and Pacheco",Pharmacy,ON,Whitneyborough
PRV76649293,"Coleman, Reynolds and Miller",Specialist Clinic,BC,Coxborough
PRV34777018,"Howard, Patrick and Rodriguez",Physio/Chiro,BC,Torresside
PRV91929961,Stanley Ltd,Dental Clinic,ON,Jillview
PRV71360370,Moore and Sons,Specialist Clinic,ON,Lake Tiffanyville
PRV30602522,Smith and Sons,Vision Provider,NS,Turnerbury
PRV87084193,"Murphy, Robinson and Martinez",Pharmacy,BC,Youngville
PRV31825287,Jones Inc,Specialist Clinic,ON,Scotttown
PRV53649608,Frey-Werner,Pharmacy,QC,Port Katherineport
PRV13429913,Thompson and Sons,Pharmacy,QC,South Justin
PRV36560522,"Smith, Ortega and Velasquez",Pharmacy,ON,Anthonyburgh
PRV71047517,Becker-Baker,Dental Clinic,ON,Aguirrestad
PRV37292937,Ramirez LLC,Physio/Chiro,NS,North Kellyburgh
PRV50041615,Conrad-Hill,Physio/Chiro,QC,Nelsonshire
PRV21353333,"Stark, Johnson and Stevenson",Specialist Clinic,ON,Mathewhaven
PRV48547595,Austin-Melendez,Pharmacy,AB,East Aliciahaven
PRV25722583,"Taylor, Wood and Stafford",Dental Clinic,QC,Powellton
PRV56613987,Boyd Ltd,Pharmacy,QC,Lake Alicia
PRV04038317,House-Hanna,Dental Clinic,ON,Wendyborough
PRV76876834,"Mason, Rojas and Shelton",Specialist Clinic,ON,New Joseph
PRV56441614,Kim-Smith,Physio/Chiro,ON,North Michael
PRV47405232,Barnett-Whitney,Vision Provider,NB,Johnsonport
PRV19258394,"Mcbride, Roberts and Miller",Vision Provider,QC,North Paulmouth
PRV94088918,Moore and Sons,Pharmacy,AB,New Thomasburgh
PRV38913235,Daugherty-Watson,Dental Clinic,ON,West Jamesstad
PRV46620711,"Kelly, Smith and Evans",Pharmacy,BC,Lake Mackenzie
PRV62135897,Fox LLC,Vision Provider,QC,North Patrickborough
PRV85483893,Cisneros LLC,Pharmacy,BC,Kennethfurt
PRV67729501,Edwards Group,Dental Clinic,ON,Shawnborough
PRV74155034,"Williamson, Becker and Bradley",Physio/Chiro,QC,Bushport
PRV76069090,Moran PLC,Dental Clinic,ON,Cortezton
PRV63788883,"Smith, Reed and Gordon",Physio/Chiro,ON,Jonathanshire
PRV47155900,Mills Inc,Dental Clinic,AB,East Lisa
PRV05552340,Rush Group,Pharmacy,ON,Lisaview
PRV70649647,Arnold-Vega,Pharmacy,ON,West Michael
PRV11488329,Yoder-Nguyen,Specialist Clinic,MB,Lewiston
PRV51288908,Davis Group,Vision Provider,ON,Sarahburgh
PRV18831705,"Bright, Hunt and Brown",Dental Clinic,QC,Petertown
PRV34894284,Duncan-Evans,Vision Provider,AB,Cunninghamland
PRV19921153,"Guerrero, Butler and Thomas",Vision Provider,BC,Robinsonport
PRV67080176,Sanders-Holmes,Physio/Chiro,ON,Geneton
PRV95467639,"Martinez, Mason and Willis",Specialist Clinic,QC,Brandonland
PRV33222574,Mccarty Ltd,Vision Provider,QC,Cuevashaven
PRV94409119,Arnold and Sons,Dental Clinic,ON,Lake Christine
PRV50450760,Peterson LLC,Pharmacy,BC,Danielland
PRV62732543,Quinn Ltd,Pharmacy,NS,Johnsonshire
PRV86425080,Wolf-Garcia,Pharmacy,ON,East Kyliechester
PRV63730970,Evans-Williams,Specialist Clinic,ON,Aaronhaven
PRV05950646,"Peterson, Chapman and Reynolds",Physio/Chiro,BC,Seanview
PRV30066307,Savage PLC,Pharmacy,QC,South Patricia
PRV11479696,Colon-Porter,Specialist Clinic,AB,New Kimberlyville
PRV81069734,Thompson and Sons,Physio/Chiro,ON,Lisastad
PRV13614247,Martinez-Pratt,Pharmacy,ON,West Christinaburgh
PRV84879756,"Li, Mcguire and Bird",Specialist Clinic,BC,North Brianburgh
PRV36761571,Jackson and Sons,Pharmacy,PE,Port Courtneyside
PRV78598489,"Arroyo, Robertson and Bates",Pharmacy,ON,Lake Brian
PRV19049726,"Cox, Evans and Paul",Pharmacy,AB,Lake Michelle
PRV22909407,Castillo-Warren,Specialist Clinic,ON,Randolphtown
PRV03273606,"Shea, Moss and Hawkins",Pharmacy,ON,Austinville
PRV72846192,Estrada and Sons,Pharmacy,QC,Pamelachester
PRV60019285,"Vargas, Richardson and Watson",Physio/Chiro,ON,Davisville
PRV04426885,"Davis, Baker and Calderon",Specialist Clinic,BC,Timothybury
PRV89067069,Davenport and Sons,Dental Clinic,ON,North Ryan
PRV28966544,Marshall Group,Dental Clinic,QC,North Juliemouth
PRV54873521,"Simmons, Wallace and King",Specialist Clinic,ON,Clayside
PRV30813223,Mosley-Kennedy,Vision Provider,AB,Walshville
PRV78124372,"Ford, Roberts and Johnson",Pharmacy,SK,Gardnershire
PRV45367549,"French, Chapman and Randall",Pharmacy,ON,South Christianmouth
PRV99088873,Thompson Group,Pharmacy,QC,North Dawn
PRV75837781,Farrell-Moreno,Physio/Chiro,NL,Jasonton
PRV82902656,"Ramirez, Ross and Long",Physio/Chiro,ON,Whitemouth
PRV40655387,Miles-Sanders,Vision Provider,AB,Lake Briantown
PRV10107645,"Li, Curtis and Turner",Dental Clinic,QC,Burtonburgh
PRV88455973,Meyer-Moore,Vision Provider,MB,Grahamfurt
PRV83798127,"Guerrero, Mitchell and Perez",Dental Clinic,ON,Brooksborough
PRV10241135,Diaz-Holmes,Specialist Clinic,ON,Holdenport
PRV57906133,"Reyes, Cruz and Jacobson",Dental Clinic,ON,South Kathrynton
PRV72838951,"Hopkins, Pearson and Taylor",Dental Clinic,ON,South Judith
PRV74342292,Lee-Martinez,Dental Clinic,ON,Lake Maryville
PRV47268804,"Castillo, Shepherd and Morales",Pharmacy,PE,East Alexis
PRV06381839,"Hill, Cruz and Boyle",Pharmacy,ON,Lake Dianaport
PRV12397857,Hill-Davis,Physio/Chiro,ON,Lake Mike
PRV66895467,Greer Group,Specialist Clinic,ON,Jenniferfort
PRV96979781,Little PLC,Physio/Chiro,ON,West Claytonview
PRV93734757,Branch-Farmer,Physio/Chiro,QC,Gonzalezville
PRV08472551,Armstrong-Vaughan,Pharmacy,ON,Vargasbury
PRV46883618,"Leonard, Thompson and Crawford",Vision Provider,AB,Ortegaberg
PRV89437725,Davis-Barrett,Dental Clinic,AB,West Tomhaven
PRV64324231,Myers-Bullock,Pharmacy,ON,North Autumnberg
PRV36318455,"Brown, Ochoa and Chavez",Dental Clinic,AB,West Amberville
PRV54789430,Myers PLC,Dental Clinic,ON,Jenkinschester
PRV49287657,Roberts Inc,Physio/Chiro,QC,Lake Rhondaport
PRV01174204,"Morgan, Mason and Perez",Dental Clinic,SK,South Heathermouth
PRV31077242,"Jackson, Martin and Ortiz",Dental Clinic,MB,East Carrie
PRV41979285,Hall LLC,Vision Provider,ON,Keithstad
PRV13877269,Sullivan Inc,Dental Clinic,QC,Port Danielside
PRV03019210,Williamson-Harris,Physio/Chiro,ON,West Danielside
PRV94726865,Mcdowell-Garcia,Pharmacy,QC,Adammouth
PRV22540141,"Hess, Ross and Porter",Specialist Clinic,BC,Baileymouth
PRV53215169,Hayes-Baxter,Physio/Chiro,ON,South Sandra
PRV96896258,Green-Brock,Dental Clinic,SK,Richton
PRV63113850,Alvarez-Day,Specialist Clinic,BC,New Robertoville
PRV94383695,Hunt-Wilson,Pharmacy,ON,Bushstad
PRV63802941,"Bailey, Harper and Williams",Pharmacy,MB,Kathleenmouth
PRV42523907,Huang-Vasquez,Physio/Chiro,BC,Thomasburgh
PRV04692078,Lopez LLC,Physio/Chiro,ON,Josephmouth
PRV50534039,"Washington, Wright and Oliver",Pharmacy,QC,North Dawnport
PRV09559292,Espinoza-Ortiz,Pharmacy,AB,Stevensberg
PRV34637066,Robinson-Jones,Dental Clinic,NB,West Michaelmouth
PRV56792453,Maxwell LLC,Physio/Chiro,ON,South Tiffany
PRV95514647,Smith and Sons,Specialist Clinic,BC,Jennyhaven
PRV11338845,Hays-Phillips,Pharmacy,AB,North Alyssaview
PRV25779530,Mendoza-Molina,Specialist Clinic,NL,North Alexanderburgh
PRV68593061,Perez-Tucker,Dental Clinic,ON,Masonland
PRV07467365,Evans-Peters,Vision Provider,QC,Kellyfurt
PRV57355120,"Bowen, Martinez and Thomas",Specialist Clinic,MB,Harryborough
PRV14997523,"Martinez, Rivera and Chang",Physio/Chiro,ON,West Davidhaven
PRV79934501,Lopez-Butler,Dental Clinic,QC,New Andrew
PRV07273713,"Clark, Diaz and Montoya",Pharmacy,QC,South Katie
PRV24516900,Lee-Young,Dental Clinic,QC,Ericabury
PRV96977153,Martin Inc,Physio/Chiro,BC,New Denisetown
PRV80059954,Gutierrez Ltd,Specialist Clinic,ON,West Karenshire
PRV29115349,"Harvey, Terrell and Hall",Pharmacy,AB,Kylestad
PRV28230688,Dixon Inc,Dental Clinic,ON,Williamstown
PRV17167110,Marshall-Anderson,Pharmacy,AB,North Jason
PRV76157262,"Perkins, Harris and Gray",Physio/Chiro,QC,East Johntown
PRV23342363,Lawrence Ltd,Physio/Chiro,ON,Bensonside
PRV61184671,"Jones, Adams and Navarro",Pharmacy,NS,East Shannon
PRV94844616,"Vasquez, Gutierrez and Atkins",Vision Provider,AB,South Jonathanport
PRV96060123,Brooks Ltd,Dental Clinic,ON,Richardstad
PRV00741467,"Mcdonald, Mendez and Velez",Physio/Chiro,ON,Lake Laura
PRV21969313,Hodge LLC,Pharmacy,QC,Wadeville
PRV37705363,Schmidt LLC,Dental Clinic,NL,Richardstad
PRV57217949,Carter Ltd,Physio/Chiro,ON,Katelynmouth
PRV18921680,Newman-Bowen,Physio/Chiro,NS,Dominguezfurt
PRV68050143,"Perkins, Hopkins and Jones",Pharmacy,ON,Alvarezchester
PRV08281574,Butler and Sons,Vision Provider,BC,Lake Timothyview
PRV47086743,"Keith, Medina and Hopkins",Pharmacy,ON,Jeremyland
PRV56980193,Orozco-Taylor,Pharmacy,ON,Port Josephborough
PRV50147781,Johnson-Fitzpatrick,Specialist Clinic,SK,Andersonfurt
PRV25504818,Grimes-Martin,Specialist Clinic,ON,Port Jessicatown
PRV45676128,"Bowman, Brown and Holmes",Dental Clinic,SK,Baileyton
PRV07511900,Williams LLC,Specialist Clinic,ON,North Bettyshire
PRV06917720,"Burns, Davis and Carney",Vision Provider,ON,North Kathleenview
PRV40148962,Young and Sons,Dental Clinic,SK,Rickychester
PRV36157802,Smith LLC,Pharmacy,BC,Heatherview
PRV25199344,"Lawrence, Rice and Murphy",Dental Clinic,ON,Aaronshire
PRV08735323,"Maldonado, Smith and Thompson",Physio/Chiro,QC,North Heidi
PRV18690656,"Burke, Terrell and Vang",Specialist Clinic,ON,Ericstad
PRV93104111,Leach Inc,Pharmacy,MB,New Lisa
PRV21462150,Wiggins LLC,Pharmacy,ON,Codyland
PRV73422151,Fritz PLC,Pharmacy,QC,Wrightburgh
PRV62556758,"Sutton, Henry and Fernandez",Physio/Chiro,ON,Lake Rebecca
PRV27364925,"Stone, Moore and Jackson",Vision Provider,BC,Port Tyroneville
PRV16040343,Griffin-Gallagher,Dental Clinic,SK,Samuelfurt
PRV31774006,"Roberts, Shaw and Richards",Physio/Chiro,AB,Traciechester
PRV98441074,"Hall, Craig and Douglas",Pharmacy,ON,New Chelseabury
PRV43398637,Ryan-Spencer,Vision Provider,ON,West Joshuatown
PRV35170760,Armstrong-Shelton,Physio/Chiro,ON,West Rachel
PRV52407538,Boyle Inc,Physio/Chiro,MB,West Bobbyshire
PRV66157961,Patterson-Khan,Pharmacy,ON,Martinezhaven
PRV60398936,Reyes-Leon,Physio/Chiro,QC,Robertshaven
PRV72991746,Parker-Castillo,Physio/Chiro,ON,Port Danielview
PRV52058828,Parker Group,Physio/Chiro,NT,New Heatherburgh
PRV35355645,Stevenson Group,Physio/Chiro,QC,Parkermouth
PRV64508187,"Lane, Powell and Williams",Specialist Clinic,QC,New Christopher
PRV90204977,"Perez, Klein and Bradford",Pharmacy,SK,North Melanie
PRV80736764,Roberts Inc,Dental Clinic,NB,Griffinland
PRV64643237,Carson-Martin,Specialist Clinic,QC,Lake Jerry
PRV81157130,Perez Group,Dental Clinic,AB,Kimberlyville
PRV01784192,Love-Mason,Specialist Clinic,QC,Jeffreyfurt
PRV11373439,Rodriguez-Guerrero,Physio/Chiro,QC,Alvarezborough
PRV66458680,"Torres, Wallace and Lindsey",Specialist Clinic,ON,Porterfort
PRV89695266,Case-Jacobs,Physio/Chiro,BC,Gutierreztown
PRV12251719,Nguyen Inc,Vision Provider,BC,Moorestad
PRV63360752,"Jackson, Flores and Robbins",Vision Provider,ON,South Donald
PRV86164749,"Brennan, Newman and Johnson",Physio/Chiro,ON,South Laurenside
PRV90424151,Velasquez Inc,Pharmacy,BC,Port Juliefurt
PRV64986476,Greene PLC,Dental Clinic,ON,Ramirezstad
PRV13930896,Wise-Morrison,Pharmacy,BC,Andersonbury
PRV63398431,Weaver Group,Specialist Clinic,BC,West Ryan
PRV04568318,Woodard LLC,Pharmacy,ON,Jacksonmouth
PRV75046854,"Strong, Poole and Smith",Vision Provider,ON,South Jason
PRV34017383,Young-Powers,Pharmacy,ON,Hardyborough
PRV91158152,"Howe, Contreras and Fernandez",Pharmacy,ON,North Adamshire
PRV75622636,Turner PLC,Specialist Clinic,QC,Morrisview
PRV13102410,Brown-Henderson,Dental Clinic,BC,Ballardmouth
PRV85771684,"Houston, Greene and Matthews",Physio/Chiro,AB,Aaronmouth
PRV89516858,Herrera-White,Pharmacy,ON,Lake Stephaniemouth
PRV54914169,"Murphy, Phillips and Williams",Dental Clinic,BC,Lake Tamara
PRV92788514,"Cooper, Kennedy and Martin",Dental Clinic,ON,East Jesus
PRV76326449,Wade-Davis,Physio/Chiro,AB,Hillstad
PRV02993920,Wilson and Sons,Dental Clinic,ON,Campbellmouth
PRV35017669,Welch and Sons,Vision Provider,QC,Garciaview
PRV28397225,"Lowe, Castro and Palmer",Physio/Chiro,QC,East Leslieton
PRV52287171,Mendez-Johnson,Dental Clinic,ON,Karenburgh
PRV40612110,"Lewis, Dean and Hall",Pharmacy,NB,Jerryland
PRV58375207,Howard-Smith,Dental Clinic,ON,Kimport
PRV04079335,Hood Ltd,Vision Provider,ON,New David
PRV53312577,"Johnson, Hernandez and Lozano",Physio/Chiro,QC,Jacksonbury
PRV57533537,Coffey and Sons,Dental Clinic,QC,Reedbury
PRV10401302,Rogers-Ryan,Physio/Chiro,ON,East Ashleechester
PRV53807566,White Inc,Pharmacy,ON,South Laurenfurt
PRV07362379,Preston-Burgess,Physio/Chiro,ON,South Barrybury
PRV87559296,Davis Ltd,Dental Clinic,MB,Malloryshire
PRV65860779,"Mendoza, Olson and Taylor",Dental Clinic,QC,West David
PRV99069959,Hinton LLC,Pharmacy,ON,Davidshire
PRV80865192,Ayala PLC,Physio/Chiro,ON,Turnerfurt
PRV42941092,Farley-Diaz,Physio/Chiro,MB,Dylanbury
PRV70862829,Johnson-Ramirez,Pharmacy,MB,Donaldland
PRV54020811,Vaughn-Smith,Dental Clinic,ON,Bradleychester
PRV19970590,Davis-Brooks,Physio/Chiro,BC,Port Jennifer
PRV70858478,"Cruz, Garner and Ryan",Dental Clinic,ON,East Richardside
PRV36447214,Todd and Sons,Physio/Chiro,ON,North Jennifer
PRV81364658,Young Group,Pharmacy,AB,Laurenfort
PRV84424856,Johnson-Cole,Pharmacy,MB,Adamberg
PRV47759812,Johnston PLC,Physio/Chiro,ON,Lake Nathanielchester
PRV94376108,Beasley and Sons,Dental Clinic,MB,Hansenshire
PRV73818068,"Welch, Meyer and Scott",Physio/Chiro,BC,Lake Matthew
PRV67322122,Mcfarland-Thompson,Dental Clinic,BC,Hughesside
PRV72175272,Powell-Hernandez,Pharmacy,AB,New Ronaldton
PRV70553636,Lee Group,Pharmacy,QC,Antonioland
PRV25793448,"Perez, Thomas and Rodgers",Dental Clinic,NS,Lake Heather
PRV96807875,Wright and Sons,Physio/Chiro,ON,New Troyville
PRV86816488,Huerta-Ferrell,Vision Provider,QC,East Melissa
PRV82409264,Barnes-Smith,Specialist Clinic,ON,New Derrickmouth
PRV98761904,"White, Price and Jones",Dental Clinic,AB,South James
PRV33925297,"Ramsey, Garcia and Hanna",Dental Clinic,ON,South Cindy
PRV40124815,Nichols PLC,Pharmacy,QC,Rivasview
PRV30679538,"Coleman, Brown and Wright",Specialist Clinic,BC,Christopherfurt
PRV26909242,"Smith, Banks and Dodson",Pharmacy,ON,South Georgeshire
PRV17454795,Brown-Griffith,Pharmacy,ON,Michaelside
PRV13412294,Ferrell-Oneal,Vision Provider,ON,Sarahstad
PRV85596226,Morgan Inc,Dental Clinic,BC,Martinville
PRV01074076,"Gonzalez, Summers and Blair",Physio/Chiro,ON,Port Jeffreyfort
PRV71815523,Holloway Ltd,Pharmacy,ON,Port Ronald
PRV04635922,Gilmore Ltd,Physio/Chiro,QC,Melissamouth
PRV15282613,"Brady, Anderson and Rodriguez",Vision Provider,SK,Bennettchester
PRV15005534,Bennett LLC,Pharmacy,AB,Conniechester
PRV47482140,"Jenkins, Allen and Wilson",Physio/Chiro,ON,Lake Jamesfort
PRV63350396,Sosa-Woods,Physio/Chiro,MB,East Laurenview
PRV55499490,Salazar and Sons,Dental Clinic,AB,Madisonstad
PRV33664252,Small LLC,Specialist Clinic,BC,Heatherland
PRV43871963,Pierce-Khan,Vision Provider,QC,North Davidfurt
PRV51047339,Lloyd Inc,Specialist Clinic,ON,Kathrynborough
PRV94067996,Davis Inc,Vision Provider,BC,North Cristianland
PRV12764474,"Guerra, Ellis and Stephenson",Pharmacy,QC,Lake Lisaview
PRV19320491,Sanchez-Maxwell,Pharmacy,ON,Georgeburgh
PRV21062746,Wells-Beard,Pharmacy,ON,Thomasfort
PRV03404445,Morales-Bailey,Dental Clinic,ON,New Michael
PRV77069837,"Hurst, Russell and White",Pharmacy,QC,Williamchester
PRV83867779,Smith PLC,Pharmacy,ON,New Michael
PRV84568337,Myers-Foster,Dental Clinic,BC,Lake Carmenland
PRV99197102,Dalton-Koch,Specialist Clinic,AB,Port Anthonyview
PRV97564913,"Wood, Patterson and Macdonald",Dental Clinic,ON,Jamesfurt
PRV28569191,Wilkinson Inc,Pharmacy,ON,East Rachelbury
PRV77819715,Lee-King,Vision Provider,ON,Michaelstad
PRV84325967,Schmidt LLC,Physio/Chiro,ON,East Matthew
PRV77473539,"Delacruz, Trujillo and Rice",Dental Clinic,AB,Lake Angieton
PRV75457282,Salinas Ltd,Physio/Chiro,QC,Carrieton
PRV17736779,"Perez, Johnston and Robles",Vision Provider,MB,Anitaside
PRV84205660,Hernandez-Lamb,Specialist Clinic,PE,Blanchardland
PRV77750465,Ruiz Group,Pharmacy,ON,Turnerchester
PRV55536244,Bailey LLC,Dental Clinic,BC,Port Amanda
PRV78616301,"Simon, Robinson and Kane",Physio/Chiro,QC,Edwardmouth
PRV94216731,"Murphy, Wood and Hale",Pharmacy,QC,Carrieport
PRV36120411,Ashley-Decker,Vision Provider,ON,North Kathleen
PRV17493229,Franklin Group,Physio/Chiro,ON,Aguirreton
PRV53651711,Walsh-Burns,Vision Provider,BC,South Laurenberg
PRV74205624,"Brennan, Myers and Chapman",Specialist Clinic,QC,East Johnshire
PRV38725931,Franklin-Cameron,Physio/Chiro,ON,East Joshuaburgh
PRV26930140,Watts-Knight,Specialist Clinic,ON,Sullivanhaven
PRV06825569,Carpenter LLC,Physio/Chiro,QC,Fernandezberg
PRV83909111,Rogers-Williams,Dental Clinic,BC,Hillmouth
PRV14670211,"Young, Anderson and Hudson",Vision Provider,QC,Kennethhaven
PRV76239529,"Cain, Payne and Levy",Physio/Chiro,ON,Cohenport
PRV12650826,"Hall, Moore and Cline",Specialist Clinic,ON,Port Ryan
PRV37879505,"Crawford, Valdez and Robinson",Pharmacy,AB,South Elizabeth
PRV47264643,Williams-Johnson,Pharmacy,BC,Lake Royfurt
PRV28024193,Smith and Sons,Vision Provider,ON,Gardnerland
PRV22164286,"Summers, Cain and Mercer",Dental Clinic,QC,New Christophermouth
PRV45618205,Manning-Park,Physio/Chiro,QC,Lake Joseph
PRV87335282,Gaines-Baldwin,Physio/Chiro,BC,Angelaville
PRV20608910,Lee Group,Dental Clinic,ON,Matthewmouth
PRV91481634,Gomez Group,Dental Clinic,QC,Timothyfort
PRV96395032,Williams-Rice,Vision Provider,NS,Port Maria
PRV68079963,Hernandez-Stevens,Dental Clinic,ON,Joycehaven
PRV19437788,Douglas-Dickson,Vision Provider,ON,North Katherine
PRV81126588,Hayes-Pena,Vision Provider,ON,North Katelynmouth
PRV80689374,Williams-Brown,Physio/Chiro,ON,Ramirezton
PRV13291155,Schmidt Inc,Pharmacy,SK,Wyattberg
PRV51490712,"Austin, Martinez and Olson",Dental Clinic,NB,Michelleshire
PRV82536448,"Juarez, Love and Flores",Vision Provider,ON,Scottmouth
PRV55848784,Elliott and Sons,Dental Clinic,MB,Danielside
PRV51116326,"Williams, Smith and Jackson",Pharmacy,ON,Mendozamouth
PRV31551226,Holmes-Sharp,Specialist Clinic,QC,Carsonstad
PRV20247083,Hill Ltd,Pharmacy,BC,Robertstad
PRV30246751,Ramirez Ltd,Pharmacy,ON,Lake Deanna
PRV37655595,Shaffer-Gibson,Specialist Clinic,QC,South Kevinview
PRV53478767,Henry-Mann,Dental Clinic,QC,Webermouth
PRV02267114,Williams Ltd,Dental Clinic,ON,South Josephchester
PRV90812678,Koch LLC,Pharmacy,PE,Garymouth
PRV00452629,"Combs, Gonzalez and Moon",Vision Provider,ON,Whiteland
PRV16516156,"Sullivan, Marks and Hamilton",Specialist Clinic,ON,Hicksville
PRV02292959,"Ramirez, Fleming and Black",Vision Provider,SK,New Madisonberg
PRV82570640,Mercer-Schroeder,Specialist Clinic,QC,West Samantha
PRV82825389,Mcbride-Nelson,Dental Clinic,ON,Daleshire
PRV78729531,"Schultz, Robertson and Ayers",Physio/Chiro,ON,Ryanton
PRV72606656,"Cook, Maxwell and Smith",Dental Clinic,ON,East Stevenfurt
PRV98489137,Rogers-Rice,Specialist Clinic,ON,East Jameschester
PRV51437510,Barnett-Gomez,Specialist Clinic,ON,Davidstad
PRV21826149,Marks Ltd,Pharmacy,QC,North Andrewstad
PRV62752995,"Clark, Garcia and Anderson",Vision Provider,QC,Kathrynmouth
PRV04597251,"Richardson, Edwards and Smith",Physio/Chiro,MB,Melissaview
PRV45544750,Phillips LLC,Dental Clinic,MB,Amandabury
PRV76671991,Edwards Inc,Physio/Chiro,ON,Francobury
PRV22992620,Wong-Brown,Specialist Clinic,NS,Susanchester
PRV20871525,Collier Inc,Pharmacy,AB,Lake Michaelton
PRV88821116,Thompson-Gomez,Dental Clinic,SK,South Marc
PRV68027641,"Carpenter, Mckenzie and Collins",Specialist Clinic,BC,North Charles
PRV41591170,King-Dawson,Pharmacy,ON,Goodport
PRV97433387,"Rodriguez, Flores and Porter",Pharmacy,ON,Mcconnellmouth
PRV21567341,Castillo Inc,Physio/Chiro,MB,Walshland
PRV46334869,"Grimes, Meyer and Jimenez",Physio/Chiro,QC,Leahside
PRV08034298,Cummings PLC,Pharmacy,MB,Obrienport
PRV54774812,Blackwell Inc,Dental Clinic,BC,West Nathan
PRV01168542,"Ross, Park and Davis",Vision Provider,ON,South Andrewchester
PRV15174302,Johnson PLC,Pharmacy,ON,East Jill
PRV07475971,"House, Joseph and Beck",Physio/Chiro,NB,East Danielview
PRV18276723,Lee and Sons,Specialist Clinic,ON,North Meganmouth
PRV50352292,Mills-Barry,Dental Clinic,BC,East Brandonshire
PRV99612905,Graham-Willis,Specialist Clinic,NB,Floydborough
PRV58825695,Nash-Myers,Vision Provider,ON,Jessicafurt
PRV19511279,Mckenzie-Noble,Specialist Clinic,ON,South Debra
PRV40865090,Chavez Ltd,Pharmacy,QC,Katherinechester
PRV65553534,Campbell-Weber,Pharmacy,AB,Port Nicholehaven
PRV67190233,Gross-Bates,Physio/Chiro,QC,South Tiffanymouth
PRV33478326,Glenn-Williams,Specialist Clinic,ON,Watsonchester
PRV04260825,Ryan Group,Specialist Clinic,ON,East Frank
PRV54427522,Boone Ltd,Pharmacy,ON,Sheltonview
PRV48933152,Contreras Ltd,Physio/Chiro,ON,East Adam
PRV85298312,Collins-Hinton,Dental Clinic,ON,New Marieport
PRV34897811,Walters Group,Physio/Chiro,AB,East Courtneyhaven
PRV96271784,Greene-Perez,Vision Provider,ON,North Robertview
PRV67852230,Williams Inc,Vision Provider,AB,Dyerport
PRV63703308,"Perez, Lawrence and West",Pharmacy,SK,North Keith
PRV58808086,"Waters, Poole and Jensen",Specialist Clinic,QC,Dianefort
PRV84111852,Solomon LLC,Dental Clinic,QC,Mooreberg
PRV10278693,Levy Group,Pharmacy,ON,Port Lindahaven
PRV36197016,Stephens-Carey,Physio/Chiro,QC,East Susanmouth
PRV72746443,Bailey-Smith,Physio/Chiro,ON,South Richardport
PRV11184388,Richards-Howard,Vision Provider,ON,Port Jessicaview
PRV23486523,Murray Ltd,Physio/Chiro,QC,Bensonmouth
PRV07973494,"Miller, Cochran and Tran",Dental Clinic,ON,Danielchester
PRV85452437,Wood Ltd,Dental Clinic,ON,Taylorburgh
PRV63849689,Wells-Miller,Physio/Chiro,BC,Melissaland
PRV32827186,"Cooper, Ayers and Gallagher",Physio/Chiro,QC,Bryantton
PRV54633218,"Vasquez, Watkins and Carey",Pharmacy,ON,New Donnabury
PRV74865151,Garcia-Smith,Pharmacy,ON,South Karenbury
PRV60531422,Howard Group,Dental Clinic,ON,Blevinston
PRV83403371,"Gomez, Castaneda and Garcia",Vision Provider,QC,Christensentown
PRV91608689,"Jacobson, Reed and Stephenson",Pharmacy,QC,New Dana
PRV86806939,"Campbell, Anderson and Farley",Physio/Chiro,ON,North Shirley
PRV54318749,Roberts PLC,Pharmacy,QC,New Jessicaborough
PRV17460669,Rodriguez LLC,Pharmacy,YT,South Alexandrashire
PRV30012811,Miller-Fernandez,Pharmacy,QC,New Rebeccaside
PRV03624280,Smith Ltd,Dental Clinic,QC,Marychester
PRV25840523,Stewart-Davis,Physio/Chiro,QC,Port Paul
PRV99255993,"Davis, Miller and Mccarthy",Pharmacy,MB,Weekshaven
PRV00077810,Brown-Martinez,Pharmacy,NS,Osbornechester
PRV16068175,"Wu, Barr and Brown",Specialist Clinic,ON,East Jamiemouth
PRV92207804,"Hawkins, Dalton and Deleon",Pharmacy,ON,Leehaven
PRV77979994,"Cole, Hunt and Coleman",Pharmacy,ON,South Nathaniel
PRV44927604,Mcfarland LLC,Pharmacy,BC,Debrabury
PRV17430178,Novak Inc,Pharmacy,ON,East Billymouth
PRV28534694,King-Ponce,Dental Clinic,MB,New Tina
PRV37534510,Conley-Wheeler,Specialist Clinic,ON,Lake Lisa
PRV61572390,"Washington, Johnson and Lewis",Pharmacy,QC,Mariochester
PRV71940713,Henderson Ltd,Physio/Chiro,ON,Mackside
PRV57484338,Price-Day,Specialist Clinic,QC,Port Christine
PRV61743090,"Gonzalez, Gross and Ortiz",Dental Clinic,QC,North Cristina
PRV90514855,Smith-Smith,Physio/Chiro,BC,Lake Daniel
PRV19358671,Berry Group,Dental Clinic,QC,South Danielfurt
PRV45138989,Williams-Price,Pharmacy,QC,Ashleymouth
PRV91868615,Johnson-Walker,Specialist Clinic,BC,New Tammyburgh
PRV71564713,Page LLC,Dental Clinic,SK,Lake Anthony
PRV95115901,"Butler, Kane and Rivera",Specialist Clinic,AB,Lake Troy
PRV32126837,"Terry, Salinas and Macdonald",Physio/Chiro,BC,Traceyfort
PRV80816784,Bruce Ltd,Pharmacy,QC,Danielport
PRV60491175,Aguilar-Carr,Dental Clinic,MB,Port Cassandra
PRV42173743,James-Lopez,Physio/Chiro,QC,Port Randyview
PRV26294844,Jackson LLC,Pharmacy,SK,East Jeffreyview
PRV44487000,Smith-Erickson,Dental Clinic,AB,South Natalie
PRV62381102,Chang Ltd,Pharmacy,ON,Rodriguezhaven
PRV06715304,Schwartz Group,Dental Clinic,ON,Matthewton
PRV62790128,"Maddox, Lewis and Glenn",Specialist Clinic,BC,West Elizabethtown
PRV14510105,"Lopez, Armstrong and Lane",Pharmacy,BC,Port Daniel
PRV93229964,Patel-Ward,Pharmacy,QC,Farmerberg
PRV19016115,"Smith, Murray and Harrington",Vision Provider,NB,New Cynthiamouth
PRV02617060,"Medina, Tyler and Hill",Physio/Chiro,QC,West Katherineland
PRV77722971,"Johnson, Grant and Miller",Specialist Clinic,ON,South Kathrynfurt
PRV03638598,"Meza, Copeland and Martinez",Specialist Clinic,QC,Nguyenstad
PRV48403498,"Miller, Green and Davis",Dental Clinic,ON,Perkinsshire
PRV10557284,"Farmer, Caldwell and Goodman",Pharmacy,QC,Forbesborough
PRV34935805,Ochoa LLC,Physio/Chiro,MB,Lake Barbara
PRV79078374,Johnson-Bentley,Dental Clinic,ON,Christinaview
PRV63182189,"Turner, Mcneil and Brady",Physio/Chiro,AB,North Jaredfurt
PRV65366565,"Robinson, Reyes and Dixon",Dental Clinic,AB,Lake Andreachester
PRV86362285,"Turner, Hawkins and Clay",Specialist Clinic,ON,New Josefurt
PRV03968501,Lopez-Bowman,Physio/Chiro,AB,North Calvinside
PRV07747576,Spears-Benjamin,Physio/Chiro,BC,Cortezmouth
PRV46379261,Hicks Inc,Pharmacy,QC,Kristenshire
PRV36223161,Rice-Schaefer,Specialist Clinic,ON,Port Joelview
PRV33990172,Moody Group,Vision Provider,ON,Anitahaven
PRV69190258,Salazar-Harper,Vision Provider,QC,South Brandon
PRV51275054,"Munoz, Jones and Madden",Vision Provider,ON,Catherinemouth
PRV02970034,"Collins, Bautista and Ellis",Dental Clinic,ON,North Laurieland
PRV46106813,Davis Inc,Dental Clinic,SK,Lopeztown
PRV61825361,Griffin-Freeman,Dental Clinic,BC,Wendyberg
PRV05867414,Spence-Brown,Physio/Chiro,BC,West Scott
PRV97735668,Brown-Stevenson,Physio/Chiro,NS,Port Emmaport
PRV62268965,"Tran, Salazar and Morrison",Pharmacy,ON,South Allisonfurt
PRV89033523,"Gordon, Jenkins and Hayes",Specialist Clinic,ON,Frederickside
PRV00492229,Chase-Cabrera,Dental Clinic,BC,Sherriton
PRV66191995,"Garcia, Vasquez and Kramer",Vision Provider,QC,Smithshire
PRV89575536,Perez Group,Pharmacy,ON,New Tamarahaven
PRV21209274,"Flores, Le and Kim",Pharmacy,AB,Samuelberg
PRV32854686,Jordan-Whitney,Dental Clinic,ON,Conwayport
PRV48890816,"Chase, Pitts and Lee",Vision Provider,QC,Port Marcusville
PRV62098161,King PLC,Vision Provider,QC,Stevenfort
PRV53754640,Smith-White,Pharmacy,QC,Perryborough
PRV57410273,Lane-Cunningham,Pharmacy,ON,Port Andrew
PRV93476001,"Trevino, Williams and Burton",Physio/Chiro,ON,Port Mark
PRV80076926,"Barrett, Little and Robles",Pharmacy,MB,Hannahtown
PRV15194290,Morrison Ltd,Physio/Chiro,SK,Port Dominiquefort
PRV75628444,Osborne Inc,Pharmacy,QC,Shawnhaven
PRV23144391,"King, Fox and Hayden",Specialist Clinic,ON,Nicoleside
PRV98072081,"Palmer, Mathews and Valdez",Physio/Chiro,QC,West Sandy
PRV20108071,Watts and Sons,Dental Clinic,ON,Victoriamouth
PRV98682726,Farmer Inc,Vision Provider,ON,Luisfurt
PRV97278877,Mccoy-Turner,Pharmacy,ON,Nicoleview
PRV77181532,Davis Inc,Specialist Clinic,ON,Bentleyfort
PRV20444061,Stevenson and Sons,Physio/Chiro,ON,Port Courtney
PRV80034953,Singleton-Lopez,Dental Clinic,ON,Port Keithview
PRV82843306,Mclaughlin LLC,Vision Provider,AB,Woodfort
PRV56608560,Harrison-Brown,Dental Clinic,QC,Lake Judithhaven
PRV76396982,Owen-Little,Specialist Clinic,QC,Mckinneybury
PRV97174812,Parker-Bowen,Specialist Clinic,ON,Christopherburgh
PRV34627036,Thomas Group,Physio/Chiro,MB,Smithmouth
PRV24629894,"Glass, Chapman and Perez",Physio/Chiro,ON,North Kelly
PRV39771857,Mendoza Ltd,Physio/Chiro,ON,East Danielle
PRV81006901,Benjamin and Sons,Pharmacy,QC,New Travismouth
PRV43169202,"Davila, Sanders and Savage",Dental Clinic,BC,North Danielberg
PRV14131640,Martinez Ltd,Specialist Clinic,AB,Mirandastad
PRV04513641,"Park, Miller and Reed",Pharmacy,ON,Dawnville
PRV31983217,"Rodriguez, Booker and Thompson",Pharmacy,ON,West Taylor
PRV92629208,Gonzales Group,Dental Clinic,ON,Raymondside
PRV93922563,"Martin, Smith and Lopez",Specialist Clinic,QC,Pennyfurt
PRV77191544,"Bullock, Schultz and Hill",Specialist Clinic,ON,Lawrencebury
PRV13091421,Camacho Ltd,Pharmacy,ON,Websterview
PRV39498493,Levine Group,Pharmacy,ON,Scotttown
PRV56581463,Aguirre and Sons,Vision Provider,NS,Bryantville
PRV83336117,"Walker, Williams and Cruz",Pharmacy,ON,Sandraton
PRV21230814,Thompson-Carroll,Specialist Clinic,ON,West Stephanieborough
PRV22099118,Reyes LLC,Specialist Clinic,SK,West Chadside
PRV40145613,Gonzalez-Ashley,Vision Provider,BC,Kellyfurt
PRV25328541,Dennis-Ingram,Dental Clinic,QC,Gabrielside
PRV07950420,Jones Group,Physio/Chiro,BC,Clintonville
PRV14456226,Sanchez PLC,Specialist Clinic,ON,Port Pedro
PRV10821751,Rios-Donovan,Pharmacy,AB,Jamesside
PRV82668770,Hill-Davis,Specialist Clinic,ON,Tannerstad
PRV91242504,"Williams, Barnes and Hall",Pharmacy,NS,West Linda
PRV36571933,"Jackson, Mcguire and Stevens",Specialist Clinic,ON,Wigginsfort
PRV51829183,Mason-Little,Physio/Chiro,QC,Lake Alexandraberg
PRV68139115,Williams LLC,Dental Clinic,QC,Jacksonside
PRV09911758,Stewart-Armstrong,Pharmacy,ON,South Katherineville
PRV94266422,Jensen-Gonzales,Dental Clinic,ON,Banksshire
PRV54408798,"Anderson, Underwood and Morrison",Pharmacy,AB,Jamesborough
PRV63659201,Owens-Floyd,Specialist Clinic,ON,Perezchester
PRV16113742,Wu and Sons,Pharmacy,NS,West Nathanside
PRV28437337,Hendrix PLC,Specialist Clinic,ON,North Tracy
PRV35621823,Glover PLC,Dental Clinic,QC,East Nicole
PRV51049556,"Schneider, Sanford and Maynard",Physio/Chiro,QC,North Debbieton
PRV88055292,"Gonzalez, Jones and Phelps",Specialist Clinic,QC,Cynthiatown
PRV81675116,Johnson Ltd,Physio/Chiro,BC,East Shelley
PRV85174032,Brown-Marquez,Specialist Clinic,BC,East Davidchester
PRV99150417,Warner Ltd,Specialist Clinic,QC,Garzaside
PRV09228901,Ellis Group,Physio/Chiro,QC,New Lisa
PRV89411260,Henderson LLC,Vision Provider,QC,Tiffanyton
PRV68199213,"Horton, Ibarra and Jackson",Dental Clinic,ON,Johnmouth
PRV22913700,Gonzales LLC,Pharmacy,ON,Lake Teresa
PRV39898145,Thompson-Lowery,Pharmacy,ON,Theresashire
PRV19682710,Knight-Mayer,Vision Provider,QC,Laurenberg
PRV60274326,Woods Ltd,Physio/Chiro,SK,Marymouth
PRV97341123,"Moore, Williams and Hendricks",Physio/Chiro,ON,Christinaport
PRV98130039,Estes PLC,Specialist Clinic,QC,Lake Frankton
PRV16358884,Young-Cole,Dental Clinic,ON,West Lauraborough
PRV09984213,Carr Group,Specialist Clinic,QC,Yangtown
PRV32962675,Grant LLC,Dental Clinic,BC,New Michael
PRV99442796,Gonzales and Sons,Pharmacy,BC,North Hectorhaven
PRV25705656,Moore-Sims,Physio/Chiro,BC,Rhodesland
PRV81578493,"Pittman, Nunez and Myers",Pharmacy,AB,Cobbfurt
PRV48435696,Mueller PLC,Physio/Chiro,ON,East Michael
PRV10942211,"Fuentes, Washington and Wood",Vision Provider,QC,Johaven
PRV76506993,"Hall, Wall and Alvarez",Vision Provider,ON,Carrbury
PRV62892426,Carter PLC,Dental Clinic,SK,Brendanfurt
PRV26981180,Russell-Khan,Dental Clinic,AB,New Davidburgh
PRV49409736,Johnson-Smith,Dental Clinic,ON,South Amanda
PRV65972990,Oconnell-Gonzalez,Pharmacy,ON,West Kara
PRV26875308,Holt PLC,Dental Clinic,QC,Shawborough
PRV54912829,Blake-Edwards,Pharmacy,NS,Maryville
PRV80474200,"Soto, Richards and Frazier",Specialist Clinic,ON,North Adam
PRV12385101,"Holland, Wong and Bruce",Specialist Clinic,QC,Lake Robert
PRV37044102,White-Ray,Vision Provider,ON,Armstrongland
PRV17967780,Peterson Ltd,Dental Clinic,QC,South Rachel
PRV94574201,Bennett-Hill,Physio/Chiro,BC,Martinstad
PRV03735159,"Blanchard, Williams and Hernandez",Dental Clinic,ON,North Rachel
PRV34963196,"Davis, Callahan and Reynolds",Pharmacy,AB,Elliottburgh
PRV05991497,Pacheco Inc,Pharmacy,ON,Port Derek
PRV53755936,"Murphy, Patterson and Warren",Specialist Clinic,AB,Brendanview
PRV07583952,"Walker, Miller and Garza",Physio/Chiro,ON,Lake Tinaport
PRV11358964,"Martinez, Cabrera and Dean",Pharmacy,QC,Davisfurt
PRV63258011,"Lee, Chan and Anderson",Physio/Chiro,ON,Valeriehaven
PRV21103713,"Anderson, Chan and Hensley",Specialist Clinic,QC,Elliottview
PRV91957333,Stephenson Group,Dental Clinic,ON,Lake Caseyton
PRV13805611,"Brown, Peters and Burns",Vision Provider,QC,South Alexander
PRV52911331,Ward-Rose,Dental Clinic,ON,East James
PRV63520008,"Mcdowell, Moore and Donovan",Dental Clinic,ON,Conniemouth
PRV23506571,Dickson and Sons,Specialist Clinic,AB,Kennethstad
PRV07305499,Knight and Sons,Dental Clinic,QC,Lake Robertmouth
PRV51728639,Burns-Holmes,Vision Provider,QC,Tinahaven
PRV53162116,Shaw-Hall,Dental Clinic,QC,Kennedyport
PRV92261065,"Ramos, Waters and Garza",Physio/Chiro,QC,New Mark
PRV02166708,"Vega, Greene and Williams",Physio/Chiro,MB,West Melinda
PRV29847670,Mathews and Sons,Specialist Clinic,ON,Perezfurt
PRV09763434,Richmond-Weaver,Vision Provider,SK,Caitlinfort
PRV67380865,Adams LLC,Physio/Chiro,MB,South Kurt
PRV33390695,"Miller, Hanson and Smith",Pharmacy,QC,Jessicahaven
PRV65569785,"Boyd, Monroe and Townsend",Dental Clinic,ON,Sanchezhaven
PRV78286471,Elliott-Morgan,Physio/Chiro,BC,Lambmouth
PRV65865558,"Matthews, Gray and Brown",Pharmacy,BC,New Travisborough
PRV70521889,Reese-Roberts,Dental Clinic,ON,Estradaland
PRV34710464,"Bowers, Maynard and Ray",Specialist Clinic,ON,Hamptonbury
PRV25924326,Hale-Simpson,Pharmacy,ON,Lake Patrickberg
PRV36061383,"Smith, Reed and Palmer",Dental Clinic,BC,New Taylor
PRV63999336,Mendez and Sons,Specialist Clinic,BC,West Shirley
PRV85787324,"Mullins, Miller and Alvarado",Physio/Chiro,ON,South Felicia
PRV58313523,Liu Inc,Vision Provider,QC,Wellsshire
PRV29575028,Perry Ltd,Dental Clinic,BC,Lopezberg
PRV57755221,Saunders Group,Pharmacy,NS,Ronaldville
PRV26946862,Guzman-Hughes,Physio/Chiro,ON,Davidberg
PRV26225620,Jones and Sons,Pharmacy,ON,New Allenville
PRV73613613,"Oliver, Bailey and Sweeney",Physio/Chiro,ON,West Jamie
PRV77310565,Torres-Bauer,Pharmacy,QC,Barryfort
PRV40204306,Cooke PLC,Dental Clinic,ON,Jenkinsburgh
PRV39407796,"Jackson, Dean and Reynolds",Dental Clinic,ON,Lake Timothyberg
PRV36757975,Rice PLC,Pharmacy,AB,East Christophermouth
PRV48820829,Maynard Inc,Pharmacy,QC,Mooreland
PRV09630810,Thompson PLC,Vision Provider,ON,Port Alexandrastad
PRV76136634,Chase PLC,Physio/Chiro,ON,North Matthewtown
PRV00929094,Cruz and Sons,Dental Clinic,ON,Port Jameschester
PRV88373798,Hunt LLC,Physio/Chiro,ON,Brittanyshire
PRV73151581,Wang Inc,Pharmacy,ON,East Amanda
PRV95070657,Grant-Flowers,Pharmacy,ON,Hessshire
PRV31379238,Benjamin Inc,Specialist Clinic,ON,Heiditon
PRV32845462,"Lewis, Green and Dunn",Physio/Chiro,MB,Toddmouth
PRV73510519,Green-Hall,Physio/Chiro,MB,North Marissa
PRV93252814,Nguyen-Hurst,Pharmacy,ON,West Kaylafort
PRV18148411,Gonzales PLC,Dental Clinic,QC,Barreraview
PRV61363861,"Gillespie, Cole and Palmer",Vision Provider,ON,Robertsstad
PRV89233448,Beck PLC,Physio/Chiro,AB,West Michael
PRV68351251,"Robertson, Lynn and Martinez",Physio/Chiro,MB,Duncanmouth
PRV92170316,"Murphy, Prince and Hebert",Specialist Clinic,QC,Carlsontown
PRV81446355,Armstrong-Hunt,Pharmacy,QC,Woodsport
PRV05595836,"Todd, Brown and Griffith",Vision Provider,ON,Martinezland
PRV91595848,Watson LLC,Physio/Chiro,ON,Lake Katherine
PRV64212743,Moyer-Rogers,Pharmacy,QC,Johntown
PRV43834563,Dean-Wilson,Dental Clinic,ON,Nicholschester
PRV06565590,"Thompson, Henderson and Gordon",Physio/Chiro,BC,East Michelleville
PRV09845494,Martin-Ross,Pharmacy,QC,Briannatown
PRV73363018,"Foley, Wells and Davis",Physio/Chiro,ON,South Brianbury
PRV31994670,Shea PLC,Physio/Chiro,QC,Myersfort
PRV25530967,"Huang, Graham and Washington",Pharmacy,AB,East Caroline
PRV45446976,Bruce-White,Physio/Chiro,QC,Meganmouth
PRV05935317,"Wilson, Castillo and Fitzgerald",Physio/Chiro,QC,West Teresa
PRV35589505,Johnson LLC,Pharmacy,AB,Tannermouth
PRV84574448,Larson LLC,Specialist Clinic,ON,Henryfurt
PRV43569877,Buck PLC,Dental Clinic,QC,West Jessicaberg
PRV43575200,Smith-Austin,Specialist Clinic,ON,Hamiltonville
PRV47787089,"Fleming, Rodriguez and Cuevas",Dental Clinic,ON,Allenfurt
PRV84291799,"Pacheco, Howard and Marshall",Dental Clinic,NB,North Emilyville
PRV58893682,"Watkins, Anderson and Ingram",Physio/Chiro,ON,Rogersfurt
PRV23379139,Clark and Sons,Dental Clinic,ON,Tabithamouth
PRV52683468,Cochran PLC,Pharmacy,ON,Meyersport
PRV59744602,"Hernandez, Mcmahon and Reed",Dental Clinic,YT,East Melissa
PRV28881230,Boyd-Nixon,Vision Provider,AB,East Timothy
PRV24818812,"Lawson, Lee and Phillips",Physio/Chiro,ON,South Jeannemouth
PRV49793995,"Carroll, Porter and Smith",Dental Clinic,QC,South Mary
PRV12183729,Valdez-Logan,Pharmacy,ON,Lake Calvinfort
PRV73401988,"Rowe, Simon and Koch",Dental Clinic,BC,West Danielmouth
PRV62173005,"Knapp, Brown and Martin",Specialist Clinic,QC,Ashleyberg
PRV83937262,"Kelly, Shannon and Romero",Dental Clinic,ON,Martinburgh
PRV74023425,"Dunn, Flynn and Bryant",Physio/Chiro,QC,East Katherineton
PRV97369220,Garcia Group,Pharmacy,MB,Jessebury
PRV88486999,Shaffer-Davis,Physio/Chiro,ON,Port Gloria
PRV36183457,"Moore, Fisher and Watts",Specialist Clinic,ON,East Jamesshire
PRV79775493,"Smith, Ford and Vasquez",Pharmacy,SK,South Richardfurt
PRV62432877,Miranda-Miller,Vision Provider,ON,Port Bethburgh
PRV02278335,"Figueroa, Bowers and Perez",Pharmacy,QC,New Jefferyberg
PRV93259757,"Jones, Rollins and Wong",Physio/Chiro,QC,Wonghaven
PRV07033622,Cobb LLC,Pharmacy,ON,East Antonio
PRV84756669,Jimenez Inc,Pharmacy,ON,South Raymondfurt
PRV73183315,"Mitchell, Nelson and Spencer",Dental Clinic,ON,South Marissaview
PRV58775898,Estes-Richard,Dental Clinic,ON,Meganborough
PRV32097974,"Villarreal, Nunez and Hickman",Specialist Clinic,QC,New Larryton
PRV10733849,"Cox, Beltran and Villarreal",Vision Provider,AB,North Pamela
PRV58131095,"Wilcox, Crane and Mcintosh",Pharmacy,ON,North Kyle
PRV33219131,Clark Group,Physio/Chiro,BC,Jonathanbury
PRV92375354,Elliott Ltd,Physio/Chiro,ON,New Donaldmouth
PRV25394726,Parker Ltd,Pharmacy,ON,Rogersshire
PRV57470674,Green-Leonard,Pharmacy,QC,West Stephenburgh
PRV05740392,Coleman Inc,Physio/Chiro,ON,New Marcusfurt
PRV53743554,Wilson-Hancock,Pharmacy,QC,Valeriemouth
PRV21636387,Reynolds PLC,Physio/Chiro,ON,New Michael
PRV43700034,Stone Group,Dental Clinic,BC,Donaldburgh
PRV21342539,Grant Ltd,Dental Clinic,SK,Brandybury
PRV96506327,"Rodriguez, Rivas and Bird",Physio/Chiro,ON,North Johnborough
PRV02795590,Williams Group,Physio/Chiro,SK,West Ashley
PRV42495958,Brown PLC,Specialist Clinic,ON,New Jesustown
PRV13275213,Cox-Robinson,Dental Clinic,ON,New Willie
PRV16892454,"Chan, Hart and Schultz",Vision Provider,ON,North Laurenstad
PRV42140058,Maxwell PLC,Specialist Clinic,AB,Lake Amystad
PRV50863284,Fitzgerald-Wright,Physio/Chiro,BC,Port Cherylbury
PRV12243536,"Everett, Moyer and Preston",Specialist Clinic,NB,Amandafurt
PRV49830539,"Gordon, Morris and Dixon",Specialist Clinic,BC,Taylorburgh
PRV42381928,"Hernandez, Stephens and Ayala",Vision Provider,ON,North Johnnyport
PRV55276445,"Mendez, Spencer and Smith",Specialist Clinic,MB,Hernandezton
PRV49028735,Moreno Group,Physio/Chiro,NS,Gregoryhaven
PRV01960745,"Villegas, Byrd and Drake",Pharmacy,AB,Maryfort
PRV88132976,"Harris, Brown and Scott",Specialist Clinic,QC,New Derekshire
PRV08524429,"Gates, Perry and Rodriguez",Vision Provider,AB,New Wendy
PRV90947757,Aguilar Inc,Dental Clinic,ON,North Gina
PRV68479914,Smith-Miller,Pharmacy,MB,New Katherine
PRV56685781,"Armstrong, Kelly and Townsend",Pharmacy,NU,Collinstown
PRV63956725,Wyatt PLC,Specialist Clinic,BC,Annland
PRV77281286,Nguyen LLC,Pharmacy,ON,Lake Johnnyfort
PRV55922485,Kelley-Jenkins,Pharmacy,ON,Port Daniel
PRV78844004,Tucker-Paul,Pharmacy,NS,Jamieborough
PRV78458319,"Mason, Koch and Anderson",Dental Clinic,MB,Tiffanyport
PRV51232487,Moore Ltd,Specialist Clinic,BC,Allenton
PRV98301737,Booth-Gardner,Pharmacy,NS,Newtonstad
PRV48592751,Wilson PLC,Dental Clinic,QC,Sharpville
PRV23192555,Gardner-Rich,Pharmacy,MB,Thomasfort
PRV69984718,Smith Ltd,Vision Provider,ON,Douglasmouth
PRV11871910,Powell Inc,Physio/Chiro,ON,Jonathanberg
PRV92276590,Moses-Petty,Pharmacy,QC,North Katie
PRV92632358,Young-White,Pharmacy,ON,South Stevenhaven
PRV16879034,Wall LLC,Specialist Clinic,QC,West Sean
PRV53282904,Huffman-Gaines,Vision Provider,AB,Walterport
PRV69707387,"Combs, Barber and Mills",Physio/Chiro,ON,Russellton
PRV13896237,"Hoffman, Chang and Bonilla",Pharmacy,BC,East April
PRV52214459,Parsons-Beasley,Specialist Clinic,ON,Hernandezview
PRV65369030,Ortega Inc,Physio/Chiro,AB,Kelleyview
PRV20589263,"Bailey, Hall and Richard",Pharmacy,ON,Brendachester
PRV36650420,Rogers-Robinson,Specialist Clinic,BC,Tonyhaven
PRV04170297,"Warner, Bradley and Houston",Specialist Clinic,QC,East Michealstad
PRV50097980,"Alexander, Green and Guerra",Vision Provider,ON,Molinaland
PRV84647895,Carlson Group,Vision Provider,ON,Debbieport
PRV26427046,Humphrey PLC,Pharmacy,ON,Davidsonport
PRV96982836,Rangel Inc,Pharmacy,ON,Ellisbury
PRV25699858,"Miller, Hill and Gray",Dental Clinic,ON,Christinetown
PRV19249786,Brooks Ltd,Physio/Chiro,ON,North Josephland
PRV61966494,Martinez Ltd,Pharmacy,BC,Lake Johnberg
PRV11672695,Butler-Young,Pharmacy,ON,New Jenniferview
PRV91453143,Dawson-Mclaughlin,Specialist Clinic,ON,Lake Cynthiatown
PRV23484435,Scott Inc,Dental Clinic,ON,Danielmouth
PRV28440841,Miller Ltd,Vision Provider,QC,East Erikaview
PRV13701549,Reese Ltd,Pharmacy,QC,New Charles
PRV76365239,White-Reid,Dental Clinic,BC,Swansontown
PRV54722984,Kramer-Lucas,Dental Clinic,QC,Eileenmouth
PRV93606128,Lee LLC,Pharmacy,QC,Taylorhaven
PRV24994026,Dunn-Cooper,Pharmacy,ON,Rogersport
PRV37966515,Sanchez-Nelson,Pharmacy,ON,Roystad
PRV96783394,Stone Inc,Physio/Chiro,BC,East Leslie
PRV76133179,Hendricks-Kelly,Pharmacy,ON,West Johnshire
PRV91420680,Davila PLC,Dental Clinic,AB,Doylemouth
PRV60804144,Soto Ltd,Pharmacy,QC,Waltershire
PRV58939416,Neal-Wise,Dental Clinic,QC,Maxwellbury
PRV73541343,Rosales and Sons,Dental Clinic,QC,East Kimberlybury
PRV93603889,"Holt, Torres and Mccoy",Dental Clinic,SK,Gregorybury
PRV08200755,Reed Inc,Physio/Chiro,QC,Wongshire
PRV80096751,"Gibson, Haynes and Garza",Physio/Chiro,QC,North Deborah
PRV59113461,Hanson Ltd,Specialist Clinic,MB,Phillipston
PRV91293542,Shah LLC,Vision Provider,QC,Jessicabury
PRV57081999,"Green, Ellis and Wilkerson",Physio/Chiro,QC,North Luis
PRV69868389,Myers-Jackson,Pharmacy,ON,Robinsonfort
PRV61215482,Morgan and Sons,Dental Clinic,ON,Smithtown
PRV16190495,Carson PLC,Physio/Chiro,AB,South Catherine
PRV84775190,"Fields, Curtis and Gray",Pharmacy,ON,New Adriana
PRV36754493,"Jones, Delgado and Wade",Pharmacy,ON,Melissaland
PRV80666464,"Gutierrez, Butler and Kline",Specialist Clinic,ON,Paynestad
PRV58679256,Johnson-Horn,Dental Clinic,NB,Jerryview
PRV61714721,Hicks Inc,Dental Clinic,QC,East Jason
PRV62883729,Salazar LLC,Specialist Clinic,QC,Jasonmouth
PRV28738663,Bailey LLC,Pharmacy,SK,North Bobbyburgh
PRV26031000,Yang PLC,Pharmacy,ON,West Karenbury
PRV97909578,"Ortiz, Terry and Blair",Dental Clinic,AB,West Caitlin
PRV27644219,Colon Inc,Pharmacy,BC,South Patty
PRV75642992,"Johnson, Hughes and Diaz",Specialist Clinic,QC,Evansport
PRV84714183,Beltran-Bates,Physio/Chiro,BC,Annville
PRV26937648,Lloyd-Shaw,Pharmacy,NB,Lake Reginald
PRV18409781,"Richardson, Schneider and Smith",Pharmacy,ON,New Davidstad
PRV76939722,Medina-Washington,Pharmacy,ON,Ballside
PRV96118126,Phillips-Rivera,Physio/Chiro,AB,Starkfort
PRV83676626,Rivera PLC,Pharmacy,ON,New Jessicamouth
PRV07770940,Hamilton Ltd,Dental Clinic,QC,Port Travishaven
PRV55475262,"Rios, Sanders and Thompson",Physio/Chiro,ON,Lewismouth
PRV12953386,"Young, Perkins and Allen",Specialist Clinic,AB,Lake Jeanmouth
PRV76964207,Robinson LLC,Specialist Clinic,BC,Sherifurt
PRV96416263,Strickland PLC,Specialist Clinic,NS,New Edwardmouth
PRV89239051,"Flores, Davis and Harmon",Physio/Chiro,QC,North Shannon
PRV40140754,Perez and Sons,Vision Provider,NB,Riggsshire
PRV48806477,"Ryan, Contreras and Gomez",Specialist Clinic,QC,Ricemouth
PRV76287225,"Brown, Smith and Hill",Dental Clinic,QC,West Ericville
PRV36413883,Dean Ltd,Pharmacy,BC,North Paulland
PRV70970748,Lopez Group,Dental Clinic,QC,Port Ryanburgh
PRV28824629,Tucker Group,Specialist Clinic,QC,Port Julie
PRV12540921,"Hughes, Perez and Wu",Specialist Clinic,ON,West Williambury
PRV59049816,Rojas LLC,Vision Provider,ON,Hectorchester
PRV86674066,Smith-Rhodes,Pharmacy,BC,Bradleyville
PRV89390916,Medina-Gould,Specialist Clinic,ON,Port Brandonborough
PRV66951626,Walters LLC,Dental Clinic,BC,Richardport
PRV30603683,Hunt-Perez,Dental Clinic,ON,Brewerside
PRV23515809,Johnson-Holt,Physio/Chiro,ON,New Melanie
